user_id,email,created_at,last_login,zip_code,latitude,longitude,user_type,source
e30b7ded-ccf9-4c94-8787-fb0c101e9cfa,brownjose@example.com,2025-06-11 16:02:56.675752,,,33.691903,139.704585,nonprofit,referral
bef56351-ec5d-4d62-9f3b-8703cad11ff4,wsasaki@example.org,2025-04-23 02:05:45.208247,2025-07-04 19:42:32.633680,310-4280,29.196127,-121.858209,individual,mobile
20bb96aa-3100-4a2b-8735-55e32c59ec43,powersmark@example.net,2024-08-19 13:57:39.798496,,20425,53.601958,150.351984,organization,partner_campaign
57d876a3-9eac-455f-ab3b-626f1ae82671,xdoehn@example.com,2024-05-13 20:48:40.709119,2025-07-04 08:13:33.880485,67754,16.927042,-35.72392,individual,partner_campaign
b09ab09f-a124-4fef-a4d7-afeb8b29128e,qpurohit@example.com,2024-03-16 11:30:01.771501,2025-07-22 18:20:58.064103,902867,-50.552842,-50.608667,organization,referral
fec6c189-cc66-413b-9b9f-256e8694ab85,cplath@example.com,2024-05-02 19:04:02.179302,2025-07-20 18:07:56.599086,70024,49.868324,2.923433,organization,partner_campaign
76d94fe0-f321-440f-8849-6ea507b80c5c,gibsonmark@example.com,2024-02-26 21:44:55.961045,2025-06-28 01:00:44.812719,40255,51.476409,-0.742756,individual,web
f282c2ff-5274-4148-8fcf-121f5dc2dd61,ashley20@example.org,2024-04-10 10:49:15.993365,,98409,48.440991,90.435504,individual,web
b629c1fd-91f9-43f3-aa7a-4d59b40e6e01,sblazquez@example.org,2023-10-12 19:59:40.618700,2025-07-09 00:08:14.676850,04698,39.183718,115.294641,individual,mobile
dd82a80d-9542-4fd8-8ea7-b6de904d7fc6,onascimento@example.com,2024-12-06 08:29:50.941844,,48755-740,18.38594,-61.500157,individual,social_media
0a59c5e9-380a-470b-97b0-2e8e852f34d0,bimala39@example.net,2024-08-11 23:04:28.265066,2025-07-16 12:15:06.424275,266718,-34.687541,149.958988,organization,mobile
a7880065-5ee4-4a33-bc1e-0b1720f8c95c,yvega@example.org,2023-11-14 19:13:16.647337,2025-07-14 10:08:40.105694,04570,63.7934,-101.959918,individual,web
350ff087-111d-4f75-856a-18c078df5c53,kaulantonia@example.com,2024-12-03 14:13:27.382894,2025-07-16 02:07:43.231647,86110,55.659785,37.068295,individual,mobile
ed3120b7-4b56-49cb-8fff-6b6840df1ed0,indali95@example.org,2024-07-09 01:31:34.472364,2025-07-10 03:07:48.695861,430025,-38.847892,-10.209091,individual,web
51cfdae0-9920-4c29-9f15-ac2ca9f07ad2,satomiyoshida@example.com,2024-10-30 21:41:06.018845,,527-1778,-26.511159,26.782511,individual,web
e9e898d9-9b36-459e-8ad2-dce1a27ea886,mrodriguez@example.com,2024-11-17 15:46:15.513602,2025-07-21 01:32:49.406726,39075,40.458386,117.823533,individual,web
79c4ef31-c7e0-4eab-ba1d-c1c4e92ae8b8,danieltaylor@example.org,2025-07-21 21:54:02.378283,2025-06-25 22:00:39.539857,99214,-45.19719,-41.987753,individual,mobile
150d0aaa-3a50-4a11-a483-42f3b1836326,maria-luiza67@example.net,2024-06-02 13:22:05.977345,2025-07-06 01:07:45.815844,59545976,2.117894,167.539572,individual,mobile
87ba11d0-cdba-4693-ac35-bead810f5f76,taichi38@example.net,2025-04-10 10:26:58.753587,2025-07-17 22:10:26.233794,,-15.410336,-53.544597,individual,mobile
49876c3d-4f71-40e4-a580-5f4e66e7af31,bbasu@example.com,2024-03-27 22:02:52.780102,2025-07-11 22:26:37.756195,442588,-36.707551,-89.124116,individual,mobile
1930b446-70e0-4699-ae72-5b08303182a2,henny47@example.com,2023-08-20 19:55:43.354367,2025-07-07 09:26:56.880386,21312,27.675916,-150.795134,individual,social_media
34e9ab7e-eca7-497e-bcd0-4eccb42f537d,jacquelinelagarde@example.org,2024-06-10 06:29:23.074308,2025-07-03 07:22:07.690189,60937,9.741519,-11.386449,individual,web
d64d7052-1977-4003-aa02-23df039c25b6,rika40@example.net,2025-04-28 18:25:55.145043,2025-07-14 22:25:32.932261,335-9873,13.978496,133.700795,individual,mobile
fff5df2d-e046-4f5b-8679-87f980026b8c,aimeefernandes@example.com,2025-04-11 13:15:11.871184,2025-07-23 11:35:40.907373,31663,-27.362537,-21.722174,individual,web
c049849f-2828-4eea-aa39-97ed31372916,barbosathiago@example.org,2024-01-08 04:24:47.732958,2025-07-19 13:51:09.454239,76058993,-54.632491,-130.435191,individual,social_media
f99fb3d2-ab6d-49ad-8172-3318801836db,cota@example.com,2025-01-21 12:07:14.966302,2025-07-02 00:55:19.428349,707-2022,6.243767,-112.773946,individual,mobile
674391f8-8038-4afb-88c5-a5d3d01f270e,todd60@example.org,2025-06-19 06:57:00.752008,2025-07-10 16:17:06.159279,05914,39.309736,74.041621,individual,social_media
48a94c72-19cb-460d-9400-d2fe0c3a546d,agnes47@example.net,2024-03-07 22:07:06.233118,2025-07-10 07:13:23.658756,12276,48.882026,3.590755,individual,partner_campaign
09681b92-519d-418a-b6b1-aeace8c8e3e7,cameron45@example.com,2024-01-07 06:26:27.016961,2025-07-17 20:50:41.866456,50213,54.921296,38.8176,individual,partner_campaign
b138fa64-4c4c-4d39-8821-b9b9dd869244,silveiraclara@example.org,2024-09-28 15:20:30.402002,2025-06-26 01:50:39.695840,64000932,27.056213,-48.789638,government,web
57f1dd7a-560f-47d6-8727-413fbd5e6e8c,kcooper@example.net,2024-06-05 11:38:26.401338,2025-07-13 05:53:30.055850,2878,37.385466,140.605823,school,mobile
732043df-7c60-4790-a201-428f382e74ec,sendo@example.org,2025-02-12 00:23:31.207013,2025-07-21 03:52:52.860219,444-7784,-49.706363,17.486312,individual,social_media
e55bc5a2-b87a-446a-83a3-7cab07eefc97,shoheisasaki@example.com,2024-07-28 00:57:23.628449,2025-07-13 14:02:18.732111,722-1743,19.585042,73.260284,individual,web
202c4106-e1b5-460c-858c-397b1ea2755f,margaret20@example.com,2024-01-21 09:25:09.041253,2025-07-07 16:09:53.110371,11439,45.166883,142.913187,individual,mobile
8a850ff5-7324-4261-ba0a-1a37c894413b,ioliveira@example.com,2024-03-29 22:58:47.526677,2025-07-13 09:57:48.179424,,-33.093234,-25.901241,individual,mobile
8cf3b0d8-4a01-4bbf-8267-c3121e577e37,butalaganga@example.com,2024-06-30 19:12:00.878196,,377695,-31.114078,-100.238908,organization,web
cc52fec3-e5b5-435d-a611-4e1815141f2d,drobinson@example.net,2023-09-16 19:07:51.506537,2025-07-21 22:09:58.165564,62496,-58.696532,-159.929891,individual,partner_campaign
d8adec55-30fd-4547-89f7-205a57583b3e,utorres@example.com,2025-05-09 05:37:30.875142,2025-07-22 15:45:21.185282,89543,56.230366,35.689707,individual,referral
06686ef8-80a0-426c-9cbd-bc03865f1662,udyatimisra@example.net,2024-09-29 07:22:11.399069,2025-07-08 18:33:40.883098,978647,56.212665,35.094347,individual,web
a12fe3f0-aaaf-49e6-ae46-22851fd96ccb,byamaguchi@example.org,2024-12-03 13:28:11.097055,2025-06-29 16:41:02.395295,744-0848,50.759117,-0.770469,individual,web
c4819887-9ccd-491c-b952-604c4b374d76,cmohanty@example.net,2023-12-03 02:26:43.595045,2025-07-06 07:48:59.847649,938730,-21.983637,-46.697751,organization,partner_campaign
ce3154ae-8423-434a-a13f-ec705bcf7a17,lisa18@example.net,2023-08-02 18:19:45.361708,2025-07-18 22:51:23.259791,,32.815779,-163.491367,individual,web
0e2cd142-716b-4827-9df8-f41533dfbb9e,rebecaroldan@example.com,2023-09-10 03:11:21.463015,2025-07-18 13:21:46.888967,18426,-25.292174,176.916525,individual,mobile
8e2165aa-74a9-46e5-b1f5-e7b89a0a4e49,swenklingelhoefer@example.net,2024-03-27 05:56:56.950384,2025-07-24 03:08:38.593556,30462,-4.513245,-58.400223,individual,web
4ed029f7-b25c-4d9e-8be3-83831c5a698e,dewanwridesh@example.org,2025-07-15 17:10:35.990126,2025-07-14 16:07:25.727159,,8.22656,-32.800385,individual,web
e634dff1-4f85-4ce5-94ea-1bb344006245,ijayavig@example.com,2024-06-21 06:40:53.628619,2025-06-29 02:21:00.630003,,51.713853,0.529082,organization,social_media
352f8dda-64df-41ef-91af-8593aebf0a8c,hasegawahiroshi@example.com,2025-02-18 10:28:20.892993,2025-07-18 16:58:48.566114,898-9083,-8.494984,-170.248703,individual,mobile
7a4a6434-5039-4f7d-b794-ce22dce5fc8e,erice@example.org,2025-06-28 12:18:50.945847,2025-06-29 11:55:48.830880,,11.357162,154.478672,individual,web
1f9959ff-be84-4a56-a940-1288e902cf4a,margaux52@example.net,2025-07-10 08:44:33.688705,2025-07-21 03:49:25.717555,40954,52.424327,-128.977576,individual,mobile
8497633c-6996-4b9e-8e7d-a19f35f2308a,hasegawasayuri@example.net,2024-09-20 11:28:53.040918,,280-4334,-11.730976,-73.595855,individual,partner_campaign
d0b2128b-f1b0-4a41-8b2f-177bed718c9b,maldonadodonald@example.net,2025-07-01 05:38:05.978078,2025-07-02 20:47:23.732514,29093,-24.0833,-46.21903,individual,web
9c380971-8684-4c69-907a-7f72242cb8c5,omar82@example.net,2024-12-03 17:54:35.561118,2025-07-07 01:02:30.367947,38390,50.805406,-72.607108,individual,partner_campaign
f5e54e90-f1ae-4232-8bb8-725f25d41aba,hardyagnes@example.org,2023-12-13 04:18:20.079288,2025-07-09 19:20:41.893590,,-14.996568,-133.368817,individual,partner_campaign
9b8151a9-22f7-42ce-bffc-799d5ee31949,ericfernandez@example.org,2024-09-07 12:04:57.620948,2025-07-03 22:53:50.501826,95898,-53.123628,-135.280536,individual,web
47406d00-0545-44c8-939e-2ce51db5e17b,acollin@example.org,2024-11-13 10:56:13.348276,2025-07-15 10:52:56.100311,74919,-47.596194,-169.260495,organization,partner_campaign
82a83cf5-8dca-4022-98ab-b1ec99582644,bahrizaid@example.net,2025-01-14 01:49:46.692023,2025-07-16 19:55:07.558577,655717,-23.447667,-46.479059,individual,partner_campaign
0c862f12-bbab-4eaa-b948-d8df4de74005,ishiihiroshi@example.net,2024-05-14 06:56:42.795313,2025-07-03 19:35:46.379839,113-7018,56.80622,38.783804,individual,partner_campaign
eacea301-3a3e-4aab-8031-7044f12af1f5,bduval@example.com,2024-05-06 07:41:23.455951,2025-06-28 00:44:37.700632,,41.558493,146.733489,individual,mobile
92a5d9f5-3249-4310-9356-62e6853557a0,zayannadig@example.net,2023-09-22 09:52:01.699309,2025-07-04 16:47:39.951348,618077,42.083168,-125.394459,government,web
7d3d1aae-440f-4920-9c33-9ade769beb4c,lambertkevin@example.net,2025-06-17 17:02:04.249456,2025-07-13 00:08:37.340315,2807,68.036294,-80.50353,individual,mobile
85f3b8a7-35c1-4442-836d-1e68c46385f2,hburns@example.org,2025-04-09 12:44:24.593682,2025-07-19 22:30:37.682104,6102,-25.161042,-37.203174,individual,web
529a7620-c016-4194-8dcf-8b86029fb7b2,lfoster@example.org,2025-06-05 05:46:37.707394,2025-07-02 17:03:59.879633,,-23.274088,-46.761492,school,social_media
c4525843-780a-431d-ba27-9a5716d40ba0,singhalisaac@example.net,2025-05-22 01:06:11.594037,2025-06-28 00:40:48.756032,406254,30.099484,27.019271,individual,mobile
671770b2-aed0-4d58-bd81-513a69afb0c3,fsaito@example.com,2024-02-27 04:01:44.444506,2025-07-10 02:14:33.140250,301-3301,41.744964,114.955332,individual,web
0b0276a4-cba2-4c84-8b72-e3db5225ef13,naoto62@example.net,2024-05-29 10:24:27.972812,2025-07-21 17:29:19.322896,269-8625,56.708728,36.586142,individual,web
c740bbbc-336d-4eb0-90ef-b3e3ee5e7865,naoto10@example.org,2023-10-27 23:00:04.452734,2025-07-10 01:24:48.863395,472-5609,4.499975,97.714068,individual,mobile
a5b9662f-6034-4315-a3a3-59a42d8dc291,jade02@example.com,2025-07-13 23:45:55.287732,2025-06-29 12:04:13.476087,91499,8.001588,-123.427234,individual,web
5d72a37a-6e27-46e4-a10c-3f15c3cd39cc,laura66@example.org,2024-09-29 17:29:13.260820,2025-07-11 20:08:16.126308,5959,-1.471587,-149.826103,individual,web
4e6fceea-945d-4c70-8a73-bb93620ba3ed,qneveu@example.com,2023-09-05 19:51:43.190505,2025-07-15 13:10:02.223639,80238,-18.827067,158.722421,individual,web
36dc9e1f-7f07-4b5b-a338-d2d60f8a9576,leokadiasaeuberlich@example.com,2024-09-22 10:57:48.742954,2025-07-18 01:10:09.406634,33603,-30.551117,105.26486,organization,mobile
ca326a03-2add-434d-8ffc-59a219beaa8b,keithlloyd@example.org,2024-01-06 23:36:16.023383,2025-07-07 19:45:03.227071,54408,43.999669,-4.426291,individual,referral
5e52aa79-c42c-430a-a937-c08535a90f3e,mukherjeelajita@example.com,2025-07-16 15:40:48.767169,2025-06-27 06:43:03.950950,162518,52.564146,-111.83404,individual,partner_campaign
019057ee-70d1-4af3-ab67-9ccc7a9f2cf2,thierrydumas@example.com,2024-01-16 14:06:06.155173,2025-07-16 17:14:53.354790,61671,-9.108581,96.88668,school,mobile
efbf88d9-3dcd-41a4-8eed-9f321b387e04,ysilva@example.com,2024-11-13 17:19:41.112085,2025-06-30 22:14:59.881983,62057-722,0.10063,-13.281013,organization,mobile
85ab0b00-3ab1-427b-9242-094e391086dd,asafe78@example.com,2024-05-12 16:22:46.271070,2025-06-25 12:52:54.080179,,-24.408129,-45.272828,individual,mobile
67c709d6-e241-4a80-979e-3b3f8d3b6144,german02@example.org,2024-11-21 18:10:42.047195,2025-07-16 19:49:37.431200,70551,3.958065,-161.24718,individual,web
6346b560-57a2-4b82-8eac-08ed3dc7b027,georgescatherine@example.net,2024-11-20 01:14:07.168394,2025-06-29 03:59:33.444860,83703,-48.200304,35.522319,individual,web
d6c7965b-fed2-492c-ab03-3e0197e1ea6d,eramirez@example.net,2024-04-29 07:43:02.329139,2025-07-09 07:45:57.239298,14290,-32.342468,30.550548,individual,web
215292a9-0a73-4470-abd7-56fd2f2ab89e,lgertz@example.net,2024-12-07 11:36:01.160842,2025-07-14 08:21:47.378322,57903,-2.461906,24.297299,individual,social_media
6225c229-f0a0-46f8-9202-98b0fbc30178,hedi62@example.net,2024-12-01 20:01:38.752312,,99397,50.175755,4.235549,individual,web
2c5fd00d-16c1-414d-812f-74d7c94c1245,comasbasilio@example.org,2023-12-25 14:10:37.494800,2025-06-25 14:35:34.414358,,-33.310159,152.057545,individual,social_media
ce61c94a-ce0d-4899-8ce5-abae586f684c,gustavo86@example.com,2025-03-04 08:14:32.705478,2025-07-20 15:04:11.942343,51624,24.938944,-56.214707,individual,partner_campaign
143194fd-5cc7-4f5c-9e8e-3fffe078b7be,sharidavis@example.org,2024-12-05 15:49:56.634542,2025-06-25 12:51:30.027601,,16.539975,-121.946267,individual,web
e9df557b-3de7-4dd1-8d61-d355818ed803,luizada-rosa@example.com,2024-09-03 14:13:56.693946,2025-07-08 16:26:06.712779,13807-906,-3.75634,-137.119665,government,mobile
dc9045c4-aef8-4b75-a917-cd7e742a7965,laura65@example.org,2024-05-14 08:08:48.286369,2025-07-03 03:49:24.314009,28769783,-7.296812,-94.123904,individual,web
c1c54c63-7575-44e2-8ebb-a94b2cdd0536,fanny06@example.org,2024-11-03 12:16:29.836466,,35654,38.31911,101.79078,organization,web
87fd4957-14e3-462a-9dcc-9e740fdf6342,agathegodard@example.org,2024-12-31 22:11:50.264776,2025-07-20 19:01:22.709929,07912,57.384405,37.031468,individual,web
03842091-33b1-45b5-acae-11314c4000ba,rishi53@example.net,2023-08-01 06:41:51.942810,2025-07-05 13:09:42.642570,991094,-52.26705,-21.254023,individual,social_media
a0ab77e3-9561-4035-b9f9-8e60ee64a7fd,chambersjenna@example.org,2024-03-23 18:40:00.575892,2025-07-19 18:41:55.206429,68632,29.327558,-178.525074,individual,mobile
8eb713e8-12f1-4d0d-aa5e-2fd0ce0b91da,sethhemal@example.org,2023-10-23 17:39:17.635136,,543388,-25.294053,27.897225,individual,mobile
f5656b30-264c-4534-8ee1-28cf74b234e8,nrueda@example.com,2023-08-13 02:19:50.831525,2025-07-13 18:54:29.010358,10496,55.255635,36.185695,individual,web
9d3e6479-3b6f-4715-b528-d3fa86d478ff,satominoru@example.org,2023-08-29 17:38:39.684492,,732-4073,-38.580183,80.880311,individual,mobile
2d581162-b132-46e4-a735-1f54536bceb5,karlheinzgrein-groth@example.org,2025-05-15 06:04:39.336996,2025-07-15 11:23:53.468764,84657,55.649441,35.896864,individual,web
df3b375c-68e7-4d82-87bc-7340edde728c,nanami94@example.com,2024-08-15 03:36:37.661690,2025-07-05 01:09:20.876102,571-4659,32.26437,-97.113639,individual,web
3733e0a5-5d26-452d-be7a-d33bcba7672c,reisato@example.org,2025-06-12 16:16:42.568866,2025-07-17 21:48:34.038316,794-8052,57.372655,36.075086,individual,social_media
8f232472-e8f3-4487-8a52-b38e95144702,michael50@example.org,2023-08-03 02:06:11.230237,2025-07-10 21:40:09.569517,,-14.212153,53.55503,organization,social_media
a8ced412-a0bc-402f-9252-08968c0ea1e3,uchaudhary@example.org,2024-09-29 13:54:20.505640,2025-07-07 20:24:32.174420,950175,51.94897,0.508973,individual,mobile
95bb886d-4531-41ad-a697-8dab79b2a03a,yellis@example.com,2023-10-10 16:00:00.438581,2025-07-18 19:38:44.246358,22922,-12.778697,179.699907,individual,web
a64e24bd-d0c1-4a2b-9efa-812cddbe4c8e,george49@example.com,2025-07-02 12:23:24.663884,2025-07-11 19:37:56.987098,,51.102741,39.432655,individual,mobile
2ab367da-4704-49fd-9d9d-8b1925483dc7,jtakahashi@example.net,2024-08-12 05:58:24.441040,2025-06-26 23:40:51.897493,190-3860,-53.442271,9.042824,individual,web
31900757-dd85-4069-b3ca-72f367b2683a,roemerhedi@example.net,2023-11-10 00:47:59.537204,,49206,11.787064,99.983557,individual,partner_campaign
d796d156-4e93-48cc-8f1d-5c342329dfdb,kondalakshit@example.net,2024-07-08 22:59:21.768443,2025-06-30 16:28:49.928576,426034,-57.784205,-31.158044,individual,mobile
1b0bcdae-d981-4633-867d-d6fa006a5e8e,sophia48@example.net,2024-08-21 16:22:10.444732,2025-06-27 04:14:39.036975,21232-195,-20.448622,161.743132,individual,mobile
f9d1de95-8252-4deb-8a79-26ced37f5d16,morrisstacey@example.net,2024-11-18 14:37:50.552128,2025-07-17 14:44:59.867882,97487,8.000607,-63.288038,individual,web
04ea20f0-affc-477f-bdc8-d00f6ed9be0c,qgallo@example.com,2025-07-24 10:56:19.990680,2025-06-29 12:21:45.129607,20361,-55.596949,122.502478,individual,social_media
7ec51a29-3028-495a-8337-1f326cc339fd,iraj@example.org,2024-10-30 12:08:22.987206,2025-07-02 05:31:14.637687,110504,50.594549,1.871695,individual,web
deaabe23-106f-427e-a92f-cd9c3881db38,logawa@example.com,2023-09-07 21:43:10.183715,2025-07-24 10:41:01.181456,774-3659,-1.214521,-84.35356,organization,mobile
b17b76e1-b31c-4c99-9a80-aad6d8b2593c,nascimentocaroline@example.com,2024-06-13 01:50:52.014783,2025-07-12 13:20:50.080057,,-35.375438,152.138343,organization,mobile
d9baa35a-f65f-4745-9a51-2be90d7a9a32,lindseykaren@example.com,2023-10-20 22:43:22.753273,,64676,48.570307,0.916405,government,referral
288702da-069d-4acc-95a5-7a5ae56b40d5,connydrewes@example.net,2025-02-22 07:26:42.241660,2025-07-07 03:23:17.046521,17890,-40.1372,-120.911802,government,web
13b461fd-f0a7-498f-8ac6-4d8df293446e,karanparsa@example.net,2023-12-28 05:13:58.233329,2025-07-04 16:08:16.915687,138667,50.082656,15.54,individual,web
6d43d404-acb6-4ec9-a138-c13668b66ccd,zlabbe@example.net,2024-04-25 10:07:02.115058,2025-06-29 01:11:24.840640,65223,9.830349,126.945463,individual,partner_campaign
0440d46a-7246-4030-aef4-06f40e0d169a,aylaaraujo@example.net,2023-10-30 17:25:44.292546,2025-07-21 14:24:42.598722,24217-816,34.112452,138.205922,individual,mobile
171b1b58-de27-49fb-b7a2-63cfd69f6be7,gcavalcanti@example.com,2023-09-24 13:55:49.112969,2025-07-07 20:07:42.401983,88107-299,51.883027,-1.943423,individual,referral
d8369271-1065-4b34-943b-c958ef074b06,sampaioaurora@example.org,2024-03-17 01:55:21.466365,2025-07-09 17:13:24.902676,98005134,48.643622,163.916035,school,mobile
a9d37bf3-a3f1-4630-8c79-b02d9152abf5,sbecker@example.org,2025-02-06 03:15:19.959365,,,-32.401027,151.172682,school,partner_campaign
51d413f4-19b9-4ce4-8e66-139a8d698c91,ferreirafrancisco@example.net,2023-08-15 14:21:35.611138,2025-07-10 02:22:42.924727,87973687,39.276204,116.019065,individual,web
39e3de7b-4fc9-43e3-961e-c8bb74280a1e,herwig27@example.net,2024-03-18 11:13:45.762070,2025-07-16 22:35:29.098669,,-33.016276,149.903274,organization,referral
2a5f668c-5d77-439e-83fc-838908016dfd,taichi55@example.net,2025-07-14 04:37:57.769661,2025-07-10 02:42:19.967680,556-5448,20.6594,72.61924,individual,referral
729ecd3f-b8e1-4600-8132-6c55b245bb0a,ryancavalcanti@example.com,2025-04-15 14:46:26.372139,2025-07-03 23:13:07.648755,,38.009123,148.844377,organization,web
57235584-d391-4998-b018-1f7f12f75df7,washingtonmonica@example.org,2023-09-20 01:16:51.850024,2025-07-21 05:28:49.696291,2387,-57.792349,-114.826752,individual,mobile
5ef6c182-0ff4-4a37-87ec-a489d0e62beb,ana-juliabarros@example.net,2024-12-14 10:22:57.740036,2025-07-01 16:43:09.286325,67235-002,66.054091,-6.993093,organization,referral
3a037dea-f6b0-4f09-b01c-019b132d46d2,jenny66@example.com,2023-08-24 08:43:18.725872,2025-07-04 10:14:32.988042,,-33.809727,152.035681,individual,web
caa9780d-f41d-4b12-985b-7195ee030a19,ttanaka@example.org,2024-11-21 02:57:07.390555,2025-07-09 19:54:36.258671,586-3287,-27.329727,27.095204,individual,partner_campaign
0fa1c089-223f-486e-a307-d97d2fe8c0b0,alveslara@example.com,2025-04-03 06:31:54.793833,2025-07-11 22:08:57.783440,94219-944,48.7779,129.013521,individual,social_media
11239fa1-2181-455d-ac1d-0d33c58509de,victor75@example.com,2024-08-08 18:51:07.556492,2025-07-11 06:37:50.286753,25881,-21.847338,146.238947,individual,mobile
674b3a28-603e-4f5d-94c0-ee3df6d0b0ee,mullinscindy@example.com,2023-11-01 22:18:37.732357,2025-06-25 10:16:19.127906,,-26.044215,-145.430366,individual,partner_campaign
bfd6c129-53c5-44ec-a07f-97154dcd0a0b,willfried76@example.com,2024-12-21 23:30:56.751542,2025-06-29 18:03:20.804216,69218,23.037036,-90.206331,nonprofit,social_media
ed8dc515-c205-4006-8f19-97f90e38d6b9,maria-alicecostela@example.org,2024-06-20 11:42:07.233294,2025-07-19 12:37:36.751317,11825383,-20.086318,-61.980878,individual,mobile
d3331a6c-ee8e-45f9-993d-fbb2b5027d02,pastorisaac@example.org,2024-10-15 04:31:46.986762,2025-07-19 01:05:18.130890,45071-517,5.856349,11.833776,individual,mobile
de3bfdb4-d341-44fd-8445-69c22f57348f,dsuzuki@example.com,2024-07-24 02:58:33.308601,2025-07-20 00:53:28.776141,067-4045,7.799561,-116.124502,individual,web
954147b1-9262-4c88-a0e2-82f419c0728f,cmital@example.net,2023-11-21 00:32:43.447773,2025-06-25 00:06:01.624245,198157,17.615069,71.104869,individual,web
0e0d98a7-743e-416b-aba5-2a564ecbb4b5,benoitmichaud@example.org,2024-02-28 00:21:24.085856,2025-07-02 10:03:06.860678,87260,54.173425,38.452218,individual,partner_campaign
2cd845d1-866d-4902-994c-0e43ab87e218,luce45@example.org,2024-01-31 12:58:30.478448,2025-07-17 02:28:42.510312,92164,20.561803,70.98506,individual,mobile
cdb667e5-7427-40d0-a6d5-20c91d5a3278,benjamimcunha@example.net,2023-08-10 04:27:02.350793,2025-06-29 21:53:19.568720,55467-619,40.336619,115.412866,individual,referral
611f2b69-09b1-4cfe-b67a-57b0a2dc912a,scamara@example.org,2023-10-10 10:27:18.709462,2025-07-22 15:43:54.126529,,59.030612,-18.407277,individual,social_media
4bf898cd-d336-4fc4-bda1-95b9786d6d6b,yoichi00@example.com,2024-12-11 20:48:03.114056,2025-07-13 06:09:58.647159,695-8514,50.097813,-1.307332,individual,web
f7de6112-a946-47bd-8d19-951374cf5733,ana-sophia45@example.net,2025-05-12 00:05:45.978648,2025-07-24 01:51:29.948971,33968220,51.134293,-45.588981,individual,web
de80d9a6-3b47-482e-b170-aed8aa11b224,clarkjoshua@example.com,2023-11-14 22:47:39.185922,2025-07-16 19:27:54.823039,2685,12.381656,39.234249,individual,referral
c4b95769-2523-484f-a5c5-035c9adb58a1,roseulla@example.com,2025-07-02 12:28:58.007740,2025-07-23 04:58:18.387742,66988,2.49645,19.352782,government,web
055af384-9ff4-4aff-89a9-457c5b8c2a53,udiaz@example.com,2024-11-04 06:00:16.177043,2025-07-15 10:02:39.028591,2930,35.199148,138.758966,individual,web
3770f9a3-a2d8-4a50-8baa-8eeda6ac6484,vlambert@example.net,2024-11-24 21:04:32.793054,2025-07-22 03:21:58.695342,,-18.166784,-137.190991,individual,partner_campaign
5671e24f-64bc-45bc-93a4-03c16b3308cb,andrew40@example.net,2024-07-25 15:02:33.778316,2025-07-20 18:16:40.546917,2908,63.008548,-102.954648,individual,web
a4936a42-a577-449d-b81b-8a7ee1bc0b3e,nbeckmann@example.org,2023-09-10 01:38:25.892303,2025-07-05 19:42:47.697061,38427,-34.916386,149.281793,organization,web
7a1c20fe-f645-4977-b4a9-40f21ec82065,chauhanakshay@example.com,2025-05-02 04:13:03.435650,2025-06-28 12:45:41.837848,848296,-31.470574,-84.419626,individual,mobile
64451e57-8cf6-41f6-98db-bacb316a7c56,wbrun@example.net,2025-01-23 02:59:02.286016,2025-07-10 14:57:50.016762,81889,34.30701,-66.120807,individual,mobile
553850fd-e639-4e64-b99d-0b86d4912b18,kaylamason@example.net,2023-10-28 16:33:48.277536,2025-07-15 02:10:09.135891,,-48.120692,-0.678745,individual,referral
b3201372-5978-48ce-97d3-c5fa4c5eba97,bpieper@example.com,2025-03-31 12:11:42.315253,2025-06-27 04:04:53.358203,53579,-59.182296,-91.179898,organization,mobile
095fec28-06a8-4f31-83b9-f65944d47667,hortensemonnier@example.com,2024-09-23 20:44:50.424552,2025-07-18 04:46:28.696635,97679,-24.225778,-46.13393,individual,referral
65dca48a-d870-45be-916f-51dbad3c291a,shoheinishimura@example.net,2024-04-30 07:37:34.451342,2025-07-08 09:21:36.122245,212-2009,-39.790312,79.701063,school,mobile
d93394dc-0bca-4237-9e80-0610a5c8d870,kuehnertevelyne@example.org,2025-03-14 21:58:31.538287,2025-07-18 04:34:48.279708,74321,-13.0242,143.262121,organization,social_media
57f255c0-8e21-42ed-aa3b-35e5060a707b,tilman43@example.org,2023-09-03 17:20:11.240242,2025-07-17 10:51:02.503396,21629,17.26428,70.890072,individual,web
03dbb693-9089-456d-bce0-365e727582d1,pmorrison@example.com,2025-01-01 03:30:19.204178,2025-06-26 20:52:58.903866,7867,-25.166393,27.871161,individual,web
de07531d-9ee4-4738-876a-63c5dedd9d66,garciamarcus@example.org,2025-04-05 12:23:40.943741,2025-07-20 06:07:44.831854,99168,45.856334,19.46059,individual,partner_campaign
2e94fbef-b8b5-41b1-b5b7-dd21031f432a,mikebuchanan@example.net,2023-12-24 16:42:08.383431,2025-06-30 00:11:41.101197,14040,1.319596,122.791977,individual,web
4a8af929-2fbf-49e5-8c5b-8c02d9739f16,oraju@example.net,2024-06-03 16:20:28.364249,2025-06-27 06:20:21.097580,957170,25.941142,170.618037,nonprofit,web
5fa9763d-ad42-4e79-9504-9db0e26485e8,manbir73@example.org,2024-11-04 17:56:05.237924,2025-07-11 07:56:41.000855,418098,7.231799,-26.900926,individual,mobile
679f43a8-dc67-4893-9e12-4374ad8d3d64,sarah55@example.com,2024-09-04 08:30:53.486374,2025-07-19 00:10:29.525943,2641,-31.136752,48.38575,individual,mobile
2cd13c88-7d18-4c60-8274-0d8965d7040f,luiz-otavio19@example.com,2024-02-16 16:07:11.934958,2025-07-10 07:08:58.145550,69018-089,-0.903252,-102.149325,organization,referral
52d83e60-4c1d-4867-b74f-31c4aa377867,dmora@example.org,2024-05-19 11:47:37.685224,2025-07-13 08:40:00.305689,40177,27.131565,99.560496,individual,web
9f1b119e-cdc0-48b0-b7e2-3e79c2a2e94d,palgabriel@example.com,2024-01-13 07:24:23.523509,2025-06-25 17:49:46.801498,141088,15.138778,15.607603,individual,web
9d8a4d1a-b134-43d2-b384-d84854ce03e9,wduke@example.com,2023-12-25 02:28:22.538660,2025-07-15 08:34:54.245943,,-7.399561,80.805105,individual,mobile
03fb1111-d49b-4c6a-95c9-a1f14ac6e89e,amelie47@example.com,2023-12-07 22:12:57.933433,2025-07-23 11:29:37.232817,29897,48.711844,0.954649,organization,web
f790c6cd-500f-4572-8c4e-86de5ac09bdd,danielelodie@example.net,2023-10-22 15:21:00.944762,2025-07-23 19:48:29.693899,83661,18.23288,72.550588,school,social_media
317f5512-edef-4f90-bba1-667875edc87c,michellefoucher@example.net,2025-03-01 02:04:50.354376,2025-07-23 12:37:05.460634,,-19.74387,131.367712,school,web
eb81cbdb-b7b0-463f-adfe-0efdb5972a44,paulo72@example.org,2025-03-31 08:55:27.326297,2025-07-06 18:52:52.666336,09776-592,41.878615,109.247083,school,web
eabd9b4f-876c-4d32-9bb4-adb7d6a89b58,chandakashvi@example.net,2024-01-25 02:37:16.051057,2025-06-25 00:32:22.497772,473840,56.140853,37.847288,school,partner_campaign
183ac668-09ff-4bc1-8858-6522dce5be19,frederiqueremy@example.com,2025-06-14 17:12:35.318412,2025-06-29 01:18:33.449338,64648,-33.238807,149.262587,individual,web
f2aa9a59-b3d6-40fb-a18d-c9efb842e656,donatolorenzo@example.org,2024-10-24 22:28:10.697021,2025-06-28 02:57:50.683001,41787,39.181363,117.100222,individual,social_media
5cb2f141-937f-4c65-93a9-f99246443717,esther52@example.com,2024-09-12 00:22:12.619178,2025-07-16 20:24:40.187449,38108-747,-54.687987,-134.571293,school,mobile
f473065e-f53b-4ca3-8621-54c99298ce16,zeimer@example.org,2023-10-09 21:45:14.418805,2025-07-05 22:04:28.455965,,45.229739,90.557832,organization,web
c03c176b-c968-4cdf-85c7-c01a78681b58,lindsey49@example.net,2024-05-14 22:43:06.497088,2025-06-27 00:12:01.475982,2102,8.346551,66.92839,school,web
9aad5488-e069-468e-93ee-897dc9a3042f,paiwazir@example.net,2024-05-23 13:36:27.312256,2025-07-18 04:11:54.353662,033336,-21.238367,151.52751,individual,web
db99b089-7db3-493d-95ec-82bcb7c5fb2f,urvimenon@example.net,2023-08-31 12:59:10.958526,2025-07-12 00:37:36.054133,302663,41.659731,114.549594,individual,mobile
225c251a-9049-4d2b-819b-239cd79989a8,afukuda@example.org,2023-08-30 16:59:41.414884,2025-07-06 17:29:24.245109,201-0701,54.136868,139.798822,individual,web
0a61a27c-9739-49f6-9ef4-2ec6d1824f1d,skato@example.org,2024-05-30 01:20:29.921831,2025-07-05 12:35:22.156655,700-3679,-41.123321,22.798942,individual,mobile
0d3316e8-67c3-42e1-8be2-514e98073b94,ana-lauraaparecida@example.org,2024-06-17 08:07:50.635670,2025-07-21 09:25:19.075984,77291-500,68.599641,44.262038,individual,mobile
17f9ad67-242c-4aca-86b9-aca92e4862f5,mpearson@example.org,2024-05-11 10:12:23.692273,2025-07-23 04:04:37.184978,40972,0.919024,101.607455,school,mobile
903eb617-8b80-4e20-81f4-d6276ab30ac4,diana86@example.com,2025-04-27 08:36:30.718095,2025-07-06 01:16:34.325609,25192,-44.235672,25.11073,individual,mobile
046a9a06-b2bc-4cc5-810c-6a3c5cec446e,caio09@example.com,2024-12-30 02:08:50.569729,2025-06-28 13:06:31.542485,34274-484,30.937524,7.977438,individual,mobile
67cfd401-a0cd-40cc-b89f-2f4ce81c4d61,jose-angelbenitez@example.net,2024-06-07 02:47:27.243336,2025-06-25 03:45:30.639547,23502,40.388132,115.535943,organization,mobile
98b148ef-5407-441b-9da8-aac320c4688a,chamanmandal@example.net,2024-04-05 12:32:54.696774,2025-07-23 04:25:35.870121,945776,50.993289,-84.105548,individual,web
a8a6ea8f-6f01-477c-9648-d1aaccab8f77,stephenfox@example.org,2025-07-12 06:04:16.636489,2025-07-16 18:48:20.090404,2938,3.982055,-160.780087,individual,referral
31fe552d-830c-4a22-a980-7ce99465d944,claudiastokes@example.com,2023-12-18 12:08:38.590152,2025-06-26 01:17:31.959786,06187,64.277736,-32.437735,individual,web
71110a42-dad4-4842-b34c-bf2b8c549f82,guzmanmichael@example.com,2024-09-28 18:59:20.531022,2025-07-02 10:28:43.815990,3879,-59.945102,-123.602337,individual,mobile
a26c1385-f248-4dae-a300-a1540da82134,lipika00@example.net,2025-05-14 22:18:56.129074,,,-30.066087,-61.18847,individual,web
0d9ffc32-f3ec-45d6-ab6e-bf34f420a93d,fukudachiyo@example.org,2024-04-02 15:45:55.584988,2025-06-25 05:58:12.340557,180-4706,20.825133,72.034429,individual,partner_campaign
c077cd75-e19a-48a2-9978-b13223ca4d28,pruiz@example.org,2025-02-16 01:42:55.685954,2025-07-07 03:03:43.490175,7832,18.804414,73.611002,nonprofit,mobile
edf1404c-690e-4358-8532-7c323bee6eb2,vincentvenkatesh@example.net,2024-11-05 01:40:37.500562,2025-07-09 13:34:13.269166,817211,2.188798,20.062504,nonprofit,web
ea3b4156-c586-4ca8-95f8-aa5569679e1b,hanako82@example.net,2024-07-03 21:05:52.010896,2025-07-02 12:36:36.029739,092-5326,35.939974,141.119774,individual,social_media
eadc6c77-9dc9-4a94-8ac1-9b12ccf52901,vda-rocha@example.net,2023-12-20 10:34:22.934943,2025-07-03 22:49:43.419309,40551-776,50.564155,0.494467,individual,web
218cfc01-cf80-42e0-b92b-910a1ebfae19,isabelly75@example.org,2025-02-24 11:59:12.960667,2025-07-24 12:10:03.133845,44344-518,-21.23903,-98.46865,individual,mobile
34776407-bd27-41f3-b4a7-fcc93baffe96,yumikofujii@example.com,2024-08-05 15:44:51.034868,,863-8592,31.276738,112.7795,individual,web
3dc53f78-648b-495d-84a3-77ddabefd4b0,uwolf@example.net,2025-04-06 05:36:46.630607,2025-07-11 16:42:53.573492,,17.993791,74.306697,individual,mobile
dbbd5b7c-7ad9-47b1-9283-fafeb7ea5ca9,uabreu@example.net,2025-02-09 02:25:09.763286,2025-06-28 00:44:04.221738,02448763,-2.066308,-79.402687,individual,mobile
d025b37e-b8b1-429c-966b-366a45714a02,davidgiraud@example.net,2024-06-03 17:25:38.178148,2025-06-30 07:45:09.459755,15543,50.34168,66.621508,individual,web
07241735-cf33-47b2-b5e2-d359efb4260b,wyamamoto@example.net,2024-09-16 21:22:02.930731,2025-07-18 11:56:20.151363,540-6023,-26.144189,29.463584,individual,web
a65f46ee-e70d-45a5-b94b-a90748b70515,david43@example.org,2024-01-25 13:27:51.200224,,2602,-20.321379,-133.967907,individual,web
485c2e17-e9fd-45a7-93d1-86571b9fb9e5,enrico66@example.com,2025-03-13 11:53:34.570756,2025-07-20 03:11:21.718306,92241-890,-33.080481,-21.692019,individual,web
f38d2169-f8ae-4d3e-88f4-5c43b03f9228,victorkarpe@example.org,2023-07-25 16:22:56.046543,2025-06-26 00:33:13.917267,959606,49.014441,76.547893,individual,mobile
1d63a265-2ec4-47c9-b59f-fa9777bc94b7,nakajimahanako@example.org,2025-03-24 09:48:28.494870,2025-07-16 08:36:07.200046,687-3520,44.547014,83.716304,individual,web
60b069d3-31cf-46cc-8f66-2d296765f3cd,edgardo44@example.net,2024-07-18 20:51:46.657423,2025-07-14 12:44:16.707060,20948,48.251315,-141.703614,individual,social_media
09c06758-a8fa-479d-9e50-934171809541,lunna81@example.net,2024-04-20 02:22:54.372124,2025-06-28 14:27:25.653661,15962-806,61.283883,154.236109,organization,web
1ac2041a-1989-4348-8b3c-88ad0e4f0833,junito@example.org,2023-10-17 11:23:18.811651,2025-07-17 22:48:50.852403,,47.373815,158.385934,individual,mobile
cfcf2f3b-4236-4acd-ba9b-5d1b204b23fe,usolanki@example.com,2025-07-16 12:30:20.143046,2025-07-07 11:51:26.137756,959763,-50.621403,107.545041,individual,mobile
87aacec4-ffbc-46be-9540-da8e14840e5d,claire57@example.net,2024-09-29 11:33:02.815912,2025-07-09 01:07:57.179647,,47.584146,3.870659,individual,mobile
1852a969-4d8a-4015-9563-f3ac99213bd3,csaito@example.org,2025-06-15 20:49:04.548698,2025-07-04 08:31:02.929485,,49.618653,2.337128,individual,web
6993e5b4-53f9-4350-b612-b8eea5719d2b,robertolove@example.net,2024-03-31 01:41:42.708577,2025-07-07 21:57:09.202518,90625,20.926377,11.050716,individual,mobile
04502aaf-d407-4ea8-8e94-0cd3c93edb6e,qjohnson@example.net,2024-06-17 02:21:35.947069,2025-06-28 14:54:39.366750,,-46.721866,43.75025,individual,web
317b0c3e-72e1-449f-b468-df6e4eb743ce,brian82@example.com,2024-09-21 11:32:17.335976,2025-06-30 19:42:42.312832,16507,36.089598,141.07076,individual,web
6122b135-6c91-4575-bb44-ac91a794ea92,celso15@example.org,2024-04-19 08:32:12.259933,2025-07-08 15:40:18.057703,33007,-17.361491,61.189487,organization,mobile
32f31ebd-ae53-42e7-ac13-8d6b83ec3383,pelletierwilliam@example.org,2023-12-01 01:38:25.073105,2025-07-03 19:12:18.830790,24292,40.118784,114.606448,government,mobile
aac9fddb-a576-42fd-83e1-0ffce5489353,bariaanjali@example.net,2023-09-19 23:33:47.085148,2025-07-21 09:21:13.888726,260307,-4.152774,-86.544889,individual,mobile
cd83500b-47bc-4f5c-bd68-e83904c1e237,davi-luizcassiano@example.net,2025-04-09 05:07:18.620705,2025-07-08 21:06:52.987721,,12.934633,26.43737,individual,mobile
2504ab7b-2850-4a8b-a6ea-c7fbf1b30678,natarajanaarini@example.org,2025-03-13 20:24:17.615650,2025-07-04 20:36:28.967708,207912,-7.026541,175.305268,individual,web
0f62be78-ee1c-41cc-8f3e-3644253f2322,vidhikumer@example.com,2024-07-16 19:01:02.866793,2025-07-06 18:27:47.418742,809544,40.887489,-73.309766,individual,web
2aa383e2-24d0-4856-a685-08632ba91f3f,benjamin87@example.org,2024-12-24 15:58:51.947545,2025-07-24 06:55:22.510896,61847-189,54.092375,38.309413,individual,mobile
ff4f3350-dd75-46bb-9350-a1f860b0f337,casa-grandeeduardo@example.net,2023-07-26 07:29:36.314376,2025-07-10 21:20:39.713974,01629-067,-40.220574,-89.992645,individual,web
6ed100c7-16f9-4e63-8877-be8e79a90ca4,dorothee08@example.com,2025-06-22 21:51:46.098156,2025-07-10 19:45:25.709142,,47.910105,4.022139,individual,mobile
b94fb8ad-28be-46fa-8ed5-fda4aae59468,pthies@example.com,2025-03-09 08:47:48.385347,2025-07-20 05:13:09.523673,94749,14.094099,80.605228,individual,referral
a1020a86-cf38-4512-8d32-2a3398485a19,mdufour@example.net,2025-01-14 00:47:17.654950,2025-07-17 19:09:30.228470,65144,21.55073,-44.305782,individual,mobile
7bc9771f-3c2c-4815-b30d-55eafad024e0,xavierfernandez@example.org,2024-06-09 01:53:23.574865,2025-07-06 06:51:24.658116,24333,61.378922,124.740126,organization,referral
f5fbd2e9-f1c0-4b8a-b2e3-d7016ab2692f,ayalavera@example.net,2024-07-09 07:14:12.881887,2025-07-05 05:36:52.678014,19103,33.687612,140.391967,individual,web
753ef4fd-1f7b-4478-aee3-5f7641fc91e1,lucy38@example.com,2024-04-24 08:21:23.889093,2025-06-25 10:49:11.784597,95735,-34.134219,151.901475,school,social_media
8244aba7-adff-490c-a514-b4dfa7d6eb0e,ryohei94@example.com,2024-12-21 09:14:04.002848,2025-07-07 19:09:21.625993,294-6244,20.732417,72.235474,individual,social_media
fc34b783-cd75-4166-bc10-87d703f8b54e,uishikawa@example.net,2024-09-16 16:27:13.526517,2025-06-30 02:49:57.669912,535-5066,15.703796,-76.813944,government,web
f6a3aea2-0eae-4570-bff5-b16b8b13dc97,marcelasouza@example.com,2024-12-29 17:59:52.840592,2025-06-25 00:05:51.436019,25636-841,-23.679748,-48.120989,individual,social_media
d52e20fa-7dc7-49a8-b70f-bbde132ffc12,yoshidamiki@example.org,2023-12-18 18:18:20.327533,2025-07-02 04:06:09.738613,606-0161,33.886343,171.157073,individual,web
1c4fda94-d479-4159-903c-85a8a6b68dd8,piercewilliam@example.com,2023-12-15 07:34:57.328995,2025-07-23 13:09:51.939681,,-50.903822,143.742566,individual,partner_campaign
b4e6b7c3-7538-4f41-a495-f98d9b593a65,advikmurty@example.org,2024-07-30 13:28:01.806625,2025-07-12 13:52:27.735998,628078,-26.463523,179.891403,nonprofit,web
6e19f366-fcdb-4366-9ceb-634cb041a8ca,robertsdana@example.org,2023-11-15 10:22:58.825822,2025-07-21 14:43:52.613018,50641,12.154185,-87.264848,individual,web
281bfd59-9c49-4384-a70f-03c71ed52c88,wayne17@example.net,2024-05-15 03:18:03.106650,,,-27.397909,-179.267005,nonprofit,mobile
44b3b682-38e3-46dd-ab69-e1bb2f1fb8ec,manon56@example.net,2024-07-05 23:43:31.009943,,,-21.99705,-46.694024,school,partner_campaign
d97f2c69-63a3-452a-8431-aff64292c284,harukagoto@example.org,2024-08-21 22:13:52.733622,2025-07-04 16:38:15.540593,303-0361,-24.707022,-46.368966,individual,mobile
fbed1061-3d16-4010-a39f-78d118147a2f,ethan37@example.net,2024-02-14 15:11:04.677486,2025-07-11 14:24:22.191468,,21.278286,16.881388,individual,mobile
fe2a8eca-8547-4c70-b403-c775f18a4766,guillaumehamel@example.org,2024-08-24 08:15:51.653599,2025-07-02 03:02:11.281167,14187,46.551694,117.793563,individual,social_media
2b4f3aee-b435-4289-83b0-08da0eb45b13,schmittalphonse@example.org,2025-06-08 04:55:56.837365,2025-06-24 21:32:09.280393,08448,17.726276,73.753724,organization,web
8e862aa3-b588-482b-9682-e4ae43778132,atalwar@example.net,2024-08-18 17:07:44.990543,2025-07-20 04:44:19.042510,900548,20.546456,71.756907,individual,mobile
ed73cbea-1a0a-4f1d-b23d-52d18c245a92,marypatton@example.org,2024-06-07 04:58:22.333060,2025-07-07 21:56:07.655912,2654,-9.797284,130.324611,school,social_media
b28556c1-3cd7-485f-9371-0cd9f8d97403,dbarad@example.org,2024-12-16 05:24:07.009799,2025-07-13 12:02:01.050331,,40.190892,116.648547,individual,partner_campaign
ada67786-ede4-4aa3-b389-b12b77b88cce,carinschoenland@example.org,2024-04-26 00:17:58.065111,,27871,-3.016455,151.793782,individual,web
b162a60b-0d14-4b6a-82e0-84ebd777a5a4,pedroaragao@example.org,2024-01-16 01:50:50.504830,2025-07-15 05:12:00.351472,67633833,58.687523,-165.702686,organization,web
b0972b04-7aff-46b6-95d6-80e3526c5424,susann09@example.net,2023-08-04 09:30:48.481482,2025-07-10 05:50:57.658613,,-35.829879,-132.291701,individual,mobile
f5f14a8a-204c-42cf-a93b-03dbd80bea7c,jade18@example.com,2024-04-09 20:45:14.888928,2025-07-18 09:53:29.423978,,-25.519341,-45.670314,individual,web
155cb787-cf67-4bf0-b721-860e7386136a,jonathanmoore@example.com,2024-03-17 15:36:52.333611,2025-06-29 10:21:00.781852,2976,63.135727,18.576046,government,web
48566391-595c-42c4-8f95-8ab1d6352082,jessica78@example.org,2024-09-01 03:11:10.747661,2025-07-05 22:30:11.022966,,40.578022,118.229904,individual,partner_campaign
43879300-5029-420c-91e1-c094a43f0cb3,max80@example.com,2023-12-31 22:19:35.941651,2025-07-01 04:25:33.245910,,27.318424,-110.571844,individual,web
90356a73-d1ab-4e68-8c7f-d6a4d6a8abd8,ray15@example.com,2025-03-15 15:39:37.366722,,2360,34.225637,139.846329,organization,referral
8ebaec90-6147-4c74-8a10-9759a65a92b7,ibas@example.com,2025-01-19 20:07:16.978426,2025-06-25 02:43:03.031599,43641,50.563583,1.797764,individual,partner_campaign
d560bf61-97ee-4f96-8d72-ac5b59801e5e,wabe@example.net,2023-10-14 04:12:42.082853,,948-9683,-14.423937,-32.067602,individual,mobile
fccb2b3e-b65c-4298-ab16-4c76a2cbbbe9,isabelly42@example.com,2023-12-19 15:20:56.405189,2025-07-23 16:42:11.217130,68552898,44.873904,112.198921,organization,web
0d149c4e-e6b9-416f-9880-26e84569f684,ggonzalez@example.net,2023-12-11 23:31:51.079279,2025-07-13 06:13:23.302945,22147,56.899674,-108.059552,individual,web
a46d9ec6-07fb-4ea8-abdd-f7ebb3285a80,yutamiura@example.net,2025-03-06 17:04:40.555554,2025-07-20 13:37:59.354228,988-5851,-35.783905,-64.61967,individual,mobile
9e7ec403-f822-45f4-b960-c93b9d8f736a,tbal@example.org,2023-12-20 21:31:14.818607,2025-07-15 08:36:22.887020,600858,49.796907,-1.033661,individual,social_media
45ce1fd2-9917-4917-a82c-15595a1cdbd1,yasminferreira@example.net,2023-10-22 18:02:44.464308,2025-07-04 22:43:06.206791,57564921,57.362189,39.533952,organization,web
30cea14c-9fb0-4563-83ac-316dd74179f6,yoko56@example.com,2024-07-07 16:40:19.770780,2025-06-28 13:09:41.972529,562-9859,-34.695196,149.938126,organization,social_media
a07a136d-ec82-4c83-a8e2-ac5c1db6590f,udantgulati@example.net,2025-01-06 16:31:38.376573,2025-07-04 12:25:28.345805,249817,-59.003425,4.931517,individual,web
d7a1661f-1d7a-4d14-98ce-17b865bf8b61,luara04@example.net,2024-03-01 02:33:39.088131,2025-07-15 16:06:49.592181,,63.178211,-83.292553,individual,mobile
d8412a0a-61de-450f-932e-755f6b98f271,ana-beatriz01@example.net,2025-05-06 11:29:26.849314,2025-07-09 13:05:19.556491,64364725,36.771329,139.626569,individual,mobile
b303f8a0-f960-467f-abe2-de4adf0da343,bigotpatrick@example.net,2023-11-27 18:29:12.970108,,,48.340467,176.106023,organization,web
88a57779-21d5-499e-a55a-0b3cfd9c01a8,mallickyagnesh@example.org,2025-05-28 15:41:53.571614,,473484,46.785756,-56.099903,individual,mobile
3878811a-0e54-4239-83a8-6ed9f82a97dd,gotosayuri@example.net,2024-10-22 09:15:37.229314,2025-07-05 22:41:33.477316,423-9336,-28.531103,12.837017,individual,mobile
ed5465d5-47df-4f1d-acf1-0e27083a17b3,nnigam@example.net,2024-03-26 21:30:35.483250,2025-06-29 12:08:33.764557,143089,56.019654,38.542265,individual,web
58704428-2200-47bc-9a87-abd3b684386e,lmeister@example.net,2025-05-30 17:18:46.449228,2025-07-12 16:29:52.318693,38068,-36.192711,-127.301053,individual,web
fef966f4-cd6f-4447-b2e6-c81816cc2dc6,luzialinke@example.org,2024-02-12 22:06:19.344187,2025-07-15 07:31:51.826333,15809,18.53042,24.461726,nonprofit,social_media
fab5593b-1f77-4063-8b5d-505dd295232e,narainjagat@example.org,2025-07-21 06:19:29.066331,2025-07-05 20:36:26.256408,,-22.23375,-46.003748,organization,web
f6608155-4f57-4d63-9318-391ada5baa16,finn72@example.net,2024-04-20 10:30:34.819466,2025-07-04 23:03:05.273724,,49.824046,103.130562,school,partner_campaign
7f1a1578-1fa3-4b11-99cb-1a85143988e9,lisa01@example.com,2024-06-16 04:49:33.607947,2025-07-01 02:20:53.773835,7439,-28.011433,29.344409,organization,mobile
64a23d5d-e034-42ae-9bc9-5b76da651122,giovanna82@example.com,2023-12-02 14:01:07.126687,2025-06-24 19:08:42.464108,34727-131,-7.800737,29.324835,government,mobile
0f1119da-f1c9-4f08-8052-a1efe4d9a969,emilly95@example.net,2024-04-12 16:25:21.509760,2025-07-11 15:06:45.711768,45094015,37.212357,101.642125,individual,partner_campaign
8eefd7e6-b543-49d8-aa5b-1903852f9ec4,gabinorius@example.net,2025-06-05 21:55:46.779029,2025-07-17 01:29:46.142499,33636,-1.011249,15.930473,individual,partner_campaign
e7d4332a-df23-4590-bde4-3dc2e798e69b,devin44@example.net,2025-02-23 22:25:42.910405,2025-07-11 07:25:11.861127,,54.132445,104.6809,individual,web
2d21f2cb-6e28-4b7a-8755-86f77f4a87bb,ribeirohenrique@example.com,2023-12-14 07:02:05.711717,2025-07-13 03:57:08.658004,49942-818,45.234126,-87.345935,individual,web
c12179f8-1c65-4229-888a-22c511642121,nancyvang@example.net,2023-10-20 13:04:55.575915,2025-06-25 16:41:17.505163,8685,-42.267387,109.015787,individual,mobile
00f120ab-1710-4559-8924-8cfd95bf48de,milos82@example.org,2024-10-01 18:51:11.042473,2025-07-14 09:30:37.004028,58728,-29.204119,112.676053,nonprofit,web
2a1f722b-6736-4e04-8d26-bf4c16a71b50,carregui@example.com,2025-03-25 19:25:54.292414,2025-07-17 04:28:10.787782,18956,61.463054,47.548166,individual,partner_campaign
ffd67cc7-4ad9-43fa-be5d-7626854ff2f8,ibansal@example.net,2025-07-16 08:31:36.071749,,925843,-12.664799,170.439463,government,mobile
c6fecc1d-c4cc-46eb-af56-bb67058c2bb3,reidclaire@example.org,2024-11-24 00:43:04.363430,2025-07-20 13:36:25.412094,77488,-40.585167,85.909862,organization,mobile
edda10b3-ab69-43b0-89c3-5e7cfae2d87d,perrierguillaume@example.net,2025-06-14 16:47:44.039893,2025-07-02 19:04:28.146959,,-43.193459,90.412638,individual,web
d78702e7-9216-4fe4-a85a-9d3727a18c4d,sbaena@example.net,2023-10-03 16:37:53.205822,2025-07-05 07:15:48.855387,02404,35.248552,140.237879,organization,partner_campaign
58ff26c9-f76e-4d0e-a06e-2b0e6ce5075c,rlefort@example.com,2025-04-26 20:34:19.585522,2025-07-24 02:16:44.133094,,-28.748334,139.31162,individual,partner_campaign
ff2dc29a-1665-4e15-afda-ef63e603bb1a,ravalmason@example.org,2024-11-16 03:15:56.738692,2025-07-06 17:40:32.702888,846987,41.339495,-97.126681,organization,partner_campaign
4806252f-691e-4aab-b964-1970a3c79c98,christophercisneros@example.com,2024-06-22 01:29:12.653004,2025-07-02 10:16:04.957780,2479,17.752485,73.649156,individual,mobile
cd517fcd-d527-4494-b8f3-47df492b5d01,yrecio@example.com,2024-07-14 19:15:24.987623,2025-06-28 13:06:57.626942,,-33.514426,152.368804,organization,web
2247ab5a-6f3b-47f9-a772-7e42d95805a5,damini83@example.net,2024-09-09 01:32:08.163365,2025-07-08 09:30:22.952411,648982,-25.965274,28.68213,organization,web
90e1be18-bf10-4b80-8b9d-5d2b9e1e8c77,raymondletellier@example.com,2024-09-24 12:22:46.781103,2025-07-18 09:16:15.182047,55146,19.713374,73.663593,individual,referral
7d22d898-2430-4d78-8da4-760da50d66be,smithjames@example.org,2023-10-17 13:06:09.609013,2025-07-06 04:14:11.948618,11648,4.106861,-145.235177,school,mobile
1b7c4bb4-a33e-4ec2-b20e-cb1a4b7577ca,blinjacques@example.net,2023-12-19 10:55:20.490793,2025-06-26 02:15:16.448772,38480,-51.856368,10.398209,organization,mobile
e956268b-4713-4af2-b44f-13a8e6d3f5b8,etelvina11@example.net,2025-06-18 17:56:58.143919,2025-06-24 23:50:36.205155,11404,57.593046,38.891088,individual,web
719a16a9-6901-4cc1-8476-990a762d9e0b,victoriaevans@example.net,2024-11-10 20:31:08.952661,2025-07-02 12:41:05.040795,55076,55.5211,39.455322,organization,web
4783b5af-fdbc-4462-b777-64150a609700,bentoporto@example.net,2024-04-12 13:14:07.908607,2025-07-02 03:36:45.347564,03064123,-44.706434,-110.33117,individual,mobile
77c3791f-6d1e-427e-b3b7-0630da478572,asuka87@example.com,2024-06-12 16:45:03.482291,2025-07-14 13:41:57.720006,302-1443,0.332154,21.867216,organization,web
fd7e38c6-1932-4b49-8b0d-95d5b1b6c268,xcalzada@example.com,2025-03-06 15:12:27.266166,2025-07-05 15:57:32.585989,09957,-12.572215,127.641345,individual,web
ca9edcae-1f02-47a8-b0d6-0455a0f08a7b,usuzuki@example.org,2025-03-21 08:50:43.285680,2025-06-29 11:08:38.299892,528-4229,52.382533,0.218415,individual,partner_campaign
62dd4ec5-1268-4531-b653-d693197541a0,hideki22@example.com,2025-04-18 13:33:27.211391,2025-07-06 03:07:03.651755,,41.540568,-74.471122,individual,social_media
bf31e11f-9a20-400a-9a40-91e0fe2cc86e,bertrand82@example.net,2025-02-19 22:00:07.401699,2025-06-26 16:49:34.938151,,-28.20506,-140.430511,individual,mobile
8f94299c-e114-47d0-8223-03d638554f61,dugarowen@example.com,2025-01-12 11:41:49.034038,2025-07-08 23:24:09.664779,074808,51.449189,-126.835529,individual,mobile
73d9259e-5a5d-4805-9ab4-5525f07f1023,james26@example.com,2024-02-28 22:29:40.421415,2025-07-07 02:50:43.903263,2938,-8.406653,-86.423017,individual,web
f55c92c5-4faa-450c-ba6e-96ac27d58b56,skobayashi@example.org,2024-12-09 04:05:45.439951,2025-06-24 23:52:20.442550,500-6850,-29.206403,104.230682,individual,social_media
cb35cfcd-84e3-4031-8c6b-0a203437a6a2,ericvincent@example.org,2024-06-12 04:34:25.320292,,26764,58.142835,-110.760147,government,web
fe96367c-90c4-4d71-a9e7-fbacc300fc69,arius@example.com,2023-08-05 11:39:35.045877,2025-07-15 16:47:08.531498,41971,-10.77955,-73.383314,individual,web
203ec72f-4ae8-4f82-ab45-aa789033d44a,wellerdagmar@example.org,2024-08-28 08:36:08.895026,2025-06-24 15:16:11.966713,73576,4.805619,78.110237,individual,web
8a8bafd7-d0ca-4296-8b4b-7a5824ddcc92,manuella35@example.net,2025-03-07 19:12:02.557308,2025-06-25 07:54:15.225518,86897300,-47.238168,76.253303,individual,social_media
87f43aea-4675-48ad-879e-39f2cbecdaa5,esterfonseca@example.com,2025-03-24 22:08:52.474544,2025-07-19 09:42:52.140028,,-27.518263,29.942546,individual,mobile
3e30bd59-5a14-4274-8bff-d40cb409bec4,araujoana-julia@example.org,2025-04-07 13:49:01.657560,2025-06-28 14:32:04.012107,,67.293856,-106.842873,organization,social_media
07c2a9f8-25ab-47aa-b653-1140f6f6d54f,callen@example.com,2023-11-29 08:12:16.440394,2025-06-28 00:43:43.093967,,43.363752,-61.487299,individual,web
784d8b81-f0a3-47e0-a620-49b6697bd523,mirconeuschaefer@example.com,2025-04-09 18:04:33.161651,,60939,26.893887,-48.226914,individual,web
0356f527-4335-4e3c-97d1-d94b9ab3ce73,yochana99@example.com,2023-12-06 17:30:27.796828,2025-06-28 20:07:08.065861,367428,-13.150936,-6.681623,individual,partner_campaign
d680945c-f506-4338-a840-e7287a12ac5f,bandinicholas@example.org,2024-05-15 08:35:16.665978,2025-07-13 14:31:50.433911,,-39.708426,139.850893,individual,web
f50bc3b5-123f-4d88-859b-3d46dcb2735b,crobbins@example.net,2024-02-19 21:03:28.638692,2025-07-23 19:46:43.386709,,17.960984,17.899026,individual,social_media
1461f6aa-3d5d-4da0-989a-ca0fd3304022,dlambert@example.com,2024-05-21 06:08:29.385126,2025-07-21 14:00:20.492512,53316,48.077779,0.804472,individual,web
b991a19b-8283-4394-8022-0fede6c0b31e,marcellebesnard@example.com,2025-02-22 15:40:25.189433,2025-06-26 03:50:12.622017,61818,43.999845,-9.11704,individual,web
d90487ac-eb49-426c-ad92-ef82006e6b0e,lduncan@example.net,2024-04-18 05:53:05.619636,,55397,61.570251,15.296741,individual,partner_campaign
361d1d0c-bd07-4c80-af49-d4a5809ba483,kazuyamatsumoto@example.com,2024-05-13 02:43:03.841427,2025-06-30 20:30:51.758634,880-7475,47.855098,152.211299,individual,referral
61460b0c-06e0-4548-977f-117deb3a1a43,hpeltier@example.com,2023-12-05 15:18:06.930658,2025-07-03 07:30:20.179487,20678,35.423737,140.992057,individual,mobile
0c420bd9-1ad8-4e98-be27-9ecc3077d03f,elisabethblanc@example.com,2025-07-02 22:53:39.672963,2025-07-07 03:48:48.169301,10364,-54.116967,132.11949,individual,social_media
555634ea-3534-47cd-9d1b-0cddc0d1cce8,matteocamara@example.org,2023-10-29 11:49:27.024615,,66609-898,-23.226132,-49.265269,organization,web
5d1d66f3-dc7a-4b8e-b178-a33aa5dc2b08,garciacrescencia@example.com,2023-11-09 22:06:10.975091,2025-07-12 04:04:40.643333,43883,63.56221,-162.587472,individual,web
4deced69-9ecc-4a92-99d5-7d3e8a7774ff,acervantes@example.com,2023-09-22 16:25:28.475586,2025-06-28 04:09:16.053234,31696,41.348228,-73.870402,individual,social_media
a5e7586a-6f6f-496d-ba34-6652273bddfd,zoran90@example.net,2023-12-01 16:02:23.629462,,80741,-42.823035,-150.791542,government,mobile
53b9d742-524b-4ae7-b1c6-806da06325ff,barneslauren@example.net,2023-12-06 16:36:11.552042,,0814,37.651345,137.712772,organization,mobile
e3e9fdcf-b470-46f6-b1ad-1ef79c78fbc1,qgoncalves@example.com,2025-07-02 00:52:14.001142,2025-06-27 00:06:59.051599,95860,-49.967274,-136.557779,individual,web
9eec862d-cbaf-4db3-b733-d7d52debcd65,mariselaarellano@example.net,2024-06-02 16:03:07.866437,2025-07-15 05:00:24.494632,10495,42.278131,-72.385315,individual,social_media
1552d932-b23a-4af7-8b6a-7dc3fff8be39,ikedatomoya@example.com,2024-06-10 05:09:00.928435,2025-07-20 14:53:57.185178,840-7429,9.027789,-162.567549,individual,web
551e442f-219a-4780-8bee-0ad62efa503d,matsudakaori@example.net,2025-03-15 13:48:24.906048,,964-0567,27.895752,91.015386,government,social_media
b0d34d33-ff3e-47b4-8c5e-73f0511fea40,pmarks@example.net,2024-09-18 15:13:40.633954,2025-07-11 21:05:48.112012,0274,-24.966741,28.29204,individual,mobile
d2fdd719-297f-4a09-8835-286f6a45606a,silvia90@example.org,2025-04-03 01:21:30.317272,2025-06-25 18:41:32.519197,33711,67.725222,-175.611542,individual,web
ab4de772-5b3a-40be-bd8e-e4c741a889d4,maldonadojonathan@example.net,2023-08-09 05:54:14.067347,,41038,32.924969,140.967972,government,web
8c4bc535-1d6a-4adf-9827-9babb310d8a8,bhavyachhabra@example.org,2024-11-06 14:21:40.356561,2025-07-11 02:55:24.279198,658865,-39.169525,-54.660172,individual,web
a95bdfda-14db-41e0-86cb-0816ac8575ea,llima@example.com,2024-12-06 05:02:13.001420,2025-07-18 20:19:04.645494,63921062,38.818315,116.008576,nonprofit,web
485de8d1-d6a1-4f86-90fc-65669a140688,christinesmith@example.org,2024-09-22 14:58:08.649840,2025-06-25 22:29:28.800049,23522,-25.06052,-20.836973,individual,web
81dd9df3-32ec-43e2-bbdb-29824cd916a4,sfarias@example.com,2023-09-05 00:36:47.511220,2025-07-02 12:35:21.144167,15091607,-52.503028,40.961024,organization,web
f6c3a828-6e27-436c-a635-0e0c2f5541ab,imurillo@example.org,2024-05-06 07:37:29.667019,2025-06-29 13:07:03.036886,44134,55.752289,77.903289,individual,mobile
0681c3fc-9491-4857-956e-b921c3655ee7,gualsilvio@example.net,2023-11-28 02:30:44.127376,,27346,21.612,-30.058066,individual,social_media
cb9b2f59-23ad-4b81-9cc0-49a9c8aeab07,damini94@example.org,2025-05-20 10:54:27.784594,2025-07-16 06:57:27.561209,,-32.686339,149.389303,nonprofit,web
26f7d01e-88e9-4e93-993d-c0ed81fd0647,harrisgary@example.org,2024-11-15 13:57:45.834981,2025-06-29 17:32:53.226638,58997,0.229045,78.081375,organization,web
e1b978c3-c36b-4097-8d21-2f5cf660d074,andrewdickerson@example.net,2025-03-04 08:52:34.907746,2025-07-22 06:14:21.674732,68163,34.676415,137.80775,organization,partner_campaign
1c047bc6-41f0-4ba6-9781-f5df108dfd45,ycosta@example.org,2024-09-27 10:51:35.753599,,08207785,2.751174,-21.49911,individual,mobile
36a8a7e1-f362-4120-9f9c-bfb08f021463,ikhalsa@example.net,2024-01-28 03:27:00.284162,2025-07-08 22:55:00.511085,838788,-12.3729,-43.504094,nonprofit,web
4ac07829-9160-4bcf-bd77-47810baa492c,atsushisaito@example.org,2024-04-20 00:13:02.580140,2025-07-08 07:13:16.016907,634-2564,-29.920427,137.331096,individual,web
b6730a05-2429-40a9-96b9-2715fa4694cf,isaque12@example.net,2024-12-24 04:24:09.508042,2025-06-26 15:03:57.324872,24685161,-5.976407,87.420532,individual,mobile
4d5e1b4c-6557-4463-acd2-bb516df43543,joelmueller@example.com,2023-10-28 01:58:20.407619,2025-07-09 06:11:37.162010,66497,21.001172,73.276378,individual,mobile
11c1c234-aefc-4c70-91b2-4f82e2871f0c,shivanisood@example.com,2025-04-23 18:04:19.388920,2025-07-12 22:17:29.228174,877805,60.666267,-79.8797,individual,mobile
7af665ab-1c97-4b0f-83a5-e3d80997d1c9,pellicerjuan-antonio@example.net,2024-03-07 03:05:35.880898,,43543,49.158074,18.28844,individual,web
f6bcd3d8-ba80-4410-ae88-f1390f7de482,alejolillo@example.com,2024-01-08 01:43:52.163827,2025-07-14 11:46:38.217069,,-53.763662,140.781773,individual,mobile
beba46e6-55ed-4b81-9cb3-d0b986dbd6ab,ktank@example.com,2024-09-28 09:39:27.283047,2025-06-26 08:37:32.757264,307863,-18.57007,-135.474773,school,mobile
55e1abc8-fe08-4a18-86ce-7295f63cdc20,bretonhortense@example.net,2024-05-30 04:25:30.265482,2025-07-02 15:19:38.031220,63445,-18.953997,-74.142938,individual,web
2dd6dc56-6b7f-424d-840d-3b509c80a81f,vboone@example.com,2023-10-04 09:21:11.204252,2025-06-27 12:04:10.053137,32688,43.281893,-33.048771,individual,mobile
89b61433-0dab-48d0-bb27-71c836ba60e6,nicolasgilles@example.org,2023-11-29 23:13:07.027746,2025-07-13 16:14:51.618259,74978,11.292043,87.594643,individual,mobile
d5f3f015-c216-4141-a504-69a40f2ab0c7,zcaldeira@example.net,2025-06-14 06:14:31.741445,2025-07-17 22:21:35.062937,58579-266,42.458481,-75.99508,organization,referral
b2dccd60-2643-488e-87ce-9ed7d14e3ef4,petrona01@example.net,2024-03-07 00:22:11.541813,2025-07-11 17:39:03.579514,09166,41.938253,-171.678541,school,web
7f1a1d43-e88d-45ac-bbf9-7564b8bcb20b,amy60@example.org,2024-02-17 23:40:13.916522,2025-07-06 12:25:01.302275,42379,49.841331,1.485928,individual,mobile
775c4b8d-79fc-4aa8-aea0-23ef35d7775e,abrilleandro@example.com,2024-04-15 16:55:02.016444,2025-07-24 11:29:38.764364,33297,20.294533,72.431246,organization,mobile
e3d40e2a-6a27-4224-bc0c-86a00a305894,wyattsem@example.com,2024-06-01 18:03:06.906570,2025-07-19 08:14:29.251604,399991,-0.730462,73.226611,organization,mobile
4eb641c0-5a09-44c6-aac1-6ebb1407fc5f,tkarpe@example.org,2025-04-05 17:39:58.011047,2025-07-13 23:30:16.687982,728984,39.868915,42.942576,individual,mobile
272e977b-aa25-4544-a6eb-3b0e8fba389e,adolphvictoria@example.org,2025-03-10 19:16:44.446128,,85538,-50.098168,13.28267,individual,mobile
6757579e-703d-4d02-9c84-b6d300b2c96a,williamjames@example.org,2024-07-06 23:13:33.984972,2025-07-12 08:27:13.622554,30007,-43.413949,-28.425849,individual,social_media
ee4351af-3c3f-42b7-ac81-5575cca451ea,nanami58@example.org,2025-07-20 20:33:51.688706,2025-07-12 22:08:16.766304,457-5142,48.626165,2.809353,organization,mobile
3cf258cd-204c-44a2-adac-94d311949e6c,cora64@example.org,2023-09-23 13:07:12.078153,2025-07-12 05:45:08.800307,04524,46.690618,-42.998806,individual,web
8cc1cf8a-e555-475f-af9a-a66ee5238fe2,xda-costa@example.com,2025-06-17 15:39:37.408281,2025-07-14 06:07:58.062265,61377-116,-13.133123,-156.135906,individual,social_media
7dc1fa26-5e27-47c6-b320-b206854df2cb,zokada@example.net,2024-05-25 23:09:09.715786,2025-07-19 17:07:47.725762,983-5321,-33.077384,109.403066,school,mobile
1aa7b307-9fb7-4b5d-bd04-3ef6e4834e4b,heidi71@example.com,2025-02-04 13:17:01.839522,2025-07-15 19:40:58.654113,69481,-25.2376,-45.52959,individual,partner_campaign
11598ce0-18d5-4035-a6f5-59c8797ab4ca,menoncharan@example.net,2024-06-26 07:47:43.377490,,208239,39.645639,-73.612386,individual,web
ac0de3aa-30e2-4d6d-ae8a-c00fb831e9d2,fergusonjesse@example.net,2024-09-07 22:14:16.942428,2025-07-12 05:55:29.093714,,27.710712,-169.400902,organization,social_media
ad6bb701-29fc-4daa-b80f-cfddd7cd4d87,richardyoung@example.org,2024-06-11 12:50:37.739493,2025-06-24 21:53:36.207499,82703,-30.227906,64.77041,individual,web
1b48eb25-1a21-4ab1-8453-127e32f72bee,benthinkreszenz@example.org,2025-04-19 19:05:08.603382,2025-07-10 08:22:45.212299,61664,25.166849,144.050898,individual,partner_campaign
d03da236-91c2-48c4-8a02-c2c769338458,lindsey68@example.net,2024-05-11 16:20:21.362404,2025-07-04 06:39:02.658201,56629,-14.258289,107.69592,individual,partner_campaign
1dbb35da-3856-4c72-bef5-d7e8bb5da24a,stellacarvalho@example.com,2024-11-12 06:44:41.006876,2025-07-01 06:36:13.348243,94098-451,-0.030548,-72.329033,individual,mobile
99ceace4-66c5-4a65-b531-82469013f08c,fontaineanastasie@example.org,2025-07-13 12:51:01.725490,2025-06-28 19:25:51.916392,70545,-51.299965,-71.616161,organization,social_media
04708a37-c979-481b-843c-f03841be126e,noecabeza@example.net,2025-01-06 19:57:05.028328,2025-07-05 19:32:01.720014,41098,60.063659,-131.105273,organization,web
195ec089-8e03-4699-9e80-9ab5f91e84f1,ccuadrado@example.org,2024-11-07 20:24:38.554535,2025-07-07 08:01:55.944611,04713,63.431383,-12.580573,individual,web
3346f419-4188-4984-af9d-60b8cb4cc43b,davidfigueroa@example.net,2025-01-29 01:41:48.089721,2025-06-25 17:12:35.814388,,-59.126587,60.550976,individual,web
678e6bdc-b017-433c-8b68-bdbe9a0c16ce,cda-cunha@example.com,2025-02-22 21:08:27.401199,2025-07-10 05:15:23.532371,28548115,-20.281618,179.884486,individual,mobile
1a6829bf-88b7-4d4b-a181-2e74319c2b35,beckmannfelizitas@example.net,2024-02-16 08:45:18.501848,2025-07-23 16:35:01.093044,45294,37.693653,78.184197,individual,web
331614a7-353e-4601-9d3a-5ebf391bf088,umann@example.net,2025-02-08 09:18:49.402684,2025-07-01 07:43:15.819819,,-20.300396,6.276301,individual,web
a5472f5f-ccd6-4db5-be1c-8916f7a75ee2,yoshidanaoki@example.org,2024-07-06 23:09:47.427527,2025-07-13 06:30:19.493123,585-2395,-34.833346,85.037932,individual,partner_campaign
ae886db8-2f03-48da-b87a-390805b9f76c,kannankrisha@example.org,2024-01-20 02:01:34.008986,2025-07-21 19:05:17.291793,175134,-21.883652,-46.288494,individual,partner_campaign
5c2d2304-bb55-4ec1-980b-17fb8a2eab47,jverma@example.com,2025-03-07 21:22:27.295828,2025-07-10 17:12:03.113753,384351,6.420142,8.695616,individual,mobile
1d8377b7-bd4d-4575-a701-44cdfc551dc9,leena43@example.net,2024-02-26 23:56:02.127674,2025-07-22 00:33:14.291325,321285,-34.228434,-53.966483,individual,web
dfde2eff-77d1-48eb-9d80-3b8743321ff4,christopher28@example.net,2025-02-02 13:54:14.305478,2025-07-14 02:40:24.958973,49516,-1.931042,0.607025,individual,web
e47e69b0-36a9-4505-8ec7-b5926b3729a4,ekapadnori@example.net,2024-01-25 05:12:38.834691,2025-06-28 21:18:15.959966,970516,37.060659,140.38609,individual,web
2f35bc58-908f-4519-b0fd-c8beece0f65f,martinecolin@example.com,2023-09-17 01:03:54.949216,2025-07-03 09:30:04.392730,11917,-55.585459,48.944511,individual,web
14f7b0bc-2829-4a8d-a1dc-267c5c97c796,tiffanypeters@example.com,2024-07-31 12:31:33.753541,2025-06-27 18:42:21.455925,,-12.889293,78.732228,organization,web
6b277801-b5d7-47bb-bdee-b3ee939eb52e,fournierstephane@example.com,2023-12-11 02:36:39.263598,,,-41.133535,-39.664612,organization,web
4ec5c518-2ca2-438f-a64e-692d27f1a0e3,kyamamoto@example.net,2024-09-22 01:51:34.782652,2025-07-03 22:27:59.638443,857-9937,-8.217005,55.95259,individual,mobile
e24c9e59-8d7e-4eb4-b1f6-7d90628a442d,chakradev71@example.com,2024-02-22 02:34:03.588602,2025-07-05 16:29:33.314029,584222,59.309014,96.889791,individual,partner_campaign
065dd2da-6403-4a2e-96e1-18faeab6b013,itoshohei@example.org,2024-11-16 18:18:11.297457,2025-07-12 03:18:33.644278,917-6099,48.556695,-141.995523,individual,web
1149bf06-489b-45e4-9b04-872edeea9592,carpentierguy@example.com,2024-09-13 20:35:03.981781,2025-07-09 12:25:14.819044,29944,18.868845,73.819584,school,web
4f1a3812-a820-4406-bfcf-d66d3973a6ee,martineaunathalie@example.com,2024-09-06 21:31:56.123743,,,36.633649,137.822302,individual,social_media
caffda90-5a5e-407c-b033-eb44c83bde87,liesel21@example.net,2024-05-21 01:25:06.022060,2025-07-13 19:22:15.375794,,-22.801992,-46.581891,individual,mobile
ea11d400-1fe9-46f0-add9-c10f8b5d9ab8,thompsonstephanie@example.org,2023-12-16 09:54:48.677757,2025-07-20 02:54:46.206690,68214,-54.402079,-110.091518,individual,mobile
4096f021-0e7a-4ede-96ff-1431076304a2,yamadahideki@example.org,2023-10-12 08:29:38.683948,2025-06-27 01:42:28.936797,005-9165,34.968776,140.735883,individual,web
88aa90a2-28d3-42d5-b997-0158b9e70118,hasegawaminoru@example.com,2023-10-29 16:20:56.459636,2025-07-04 04:42:55.955685,569-1147,-50.530769,-41.620511,individual,social_media
39e1a056-cac7-43bb-a31a-cf684a574d2b,laurafrancis@example.com,2024-09-20 11:17:16.136508,2025-07-19 20:28:55.413588,79977,-32.88941,162.863212,individual,mobile
a2b8a08c-dd83-4ffc-b403-f8ea18fd7afc,hbruder@example.net,2024-12-05 01:24:50.101440,,00049,-20.173288,74.237644,individual,mobile
ffda54a8-f0ed-4d88-8272-b2773b4c0c2b,robertmartin@example.com,2025-06-26 05:49:58.347295,2025-07-18 14:15:24.998373,2997,27.97517,29.387073,individual,web
6414e1fb-d76a-4ddc-a30e-898b25c716f5,michelephillips@example.org,2023-09-04 04:18:16.648771,2025-06-25 17:19:19.891761,2160,23.303221,-6.944842,individual,partner_campaign
0fd8c319-eb29-49e9-94c8-def0687d2ba8,ahellwig@example.org,2025-01-21 19:51:29.067118,2025-07-21 23:31:18.940367,20241,-11.49844,57.006156,organization,web
bc97a1de-44b7-4070-a02c-b86b50a4c1b8,rubenbelmonte@example.org,2024-03-01 16:25:40.017242,,,53.004491,135.486552,individual,partner_campaign
6221aa9f-f4bd-4a5f-af1b-8a36af3c65c5,toralf87@example.org,2023-10-14 16:05:03.933744,,99609,-28.017522,29.212753,individual,web
10a14996-0948-4869-9c12-ff9d79657a76,idikakala@example.net,2023-11-07 17:07:32.335997,2025-07-03 09:33:28.101534,032458,-40.099745,-171.68929,organization,web
268f8ee6-f695-4d0e-b246-a6cc1877e9f8,tadeuszroehricht@example.com,2023-12-29 23:27:34.602361,2025-07-03 23:15:09.493587,,-8.101112,153.307933,individual,web
81dc28e7-8490-461b-89c4-c503c19977b2,turpineric@example.net,2024-04-19 08:30:30.851525,2025-07-03 18:27:33.653293,,40.053951,-72.41013,individual,partner_campaign
a5c0f4a2-6d56-4414-b8e5-3d0ed64b883c,caldeiralucca@example.net,2023-12-02 03:48:30.110413,,72421-593,-0.45835,174.856307,individual,partner_campaign
fd4af4b5-7dab-49d0-806a-1550ee9b8a14,valeriopuga@example.net,2024-02-27 10:53:37.632505,2025-07-23 21:01:33.504086,40274,46.668282,117.417004,individual,partner_campaign
d5486725-4d1d-46ae-be5f-861ecaafd5fa,courtney26@example.com,2024-07-16 09:45:50.720934,2025-07-18 21:01:53.238854,4134,17.429324,38.768121,school,web
1fe2d144-6feb-41a7-994c-fe7a95943607,benitoromeu@example.org,2023-12-12 16:58:28.498819,2025-07-18 06:41:58.126738,49773,-33.963707,-102.083312,organization,web
8b2aacdb-4ba8-41d6-b4d1-4612ff79bf10,cemilhaering@example.com,2025-06-22 11:57:58.169540,2025-06-26 11:05:38.495636,44393,-32.400941,58.534986,individual,web
4974b2ee-6d96-489c-a0cb-62c80f994732,sergeneureuther@example.com,2025-07-10 15:54:12.593266,2025-07-10 03:07:22.180207,09437,55.754189,134.566197,individual,web
f1968e32-e117-4208-8100-617488792eb6,susanwright@example.net,2024-12-06 03:46:16.242020,2025-07-13 12:48:23.490406,2693,38.2554,-29.031138,individual,mobile
57e0b751-5795-4778-97c0-0a4c716eab9b,alfredpereira@example.org,2024-09-24 08:07:43.910687,,83738,-0.849192,105.955435,individual,web
5e224da9-80cf-4484-8b82-b009512a7b5d,earnold@example.net,2025-05-04 12:04:49.423836,2025-07-19 03:18:14.238490,71540,-25.419708,-46.105016,individual,mobile
b0c27dd9-6510-4cde-871a-ffdcbde8ccc8,joao-miguel24@example.org,2023-08-13 18:16:03.693539,2025-07-04 21:08:20.079082,10680428,-33.958687,152.932322,nonprofit,web
1ce631fb-e77e-49c9-99df-a357be77d04f,roskothilja@example.net,2024-06-10 01:43:37.140013,,18886,-19.899041,-72.121338,individual,referral
72b5219a-2501-43d0-bbdf-56259b566fa7,arnoldwilmsen@example.com,2025-02-20 22:11:01.447468,2025-07-02 12:07:56.118959,51921,49.3303,1.361142,individual,web
e0074236-a42e-4407-8be1-c93462979fe1,wstadelmann@example.org,2023-11-25 19:56:24.934920,2025-07-10 17:14:04.754779,85934,24.814051,92.099468,organization,partner_campaign
4aec0af9-73a2-47ef-8081-a016102137bd,kroehrdanz@example.com,2025-06-01 14:38:48.981333,2025-07-10 06:03:42.685592,56541,-35.373348,-87.26966,individual,web
f05adbb3-821f-4491-8189-28d4cfef2740,kundaupasna@example.net,2024-11-10 08:53:15.150376,2025-07-13 14:48:09.830508,958626,-11.501346,-26.652642,individual,mobile
f5423208-9554-4ac3-a402-f680c4750f88,brunetjoseph@example.net,2024-03-17 14:55:48.693698,2025-07-06 17:54:02.541766,64960,60.361648,136.585217,individual,social_media
318dbf85-a9ed-4bdd-b1e2-fa5e76c2b881,kyosukekato@example.net,2024-04-06 00:31:27.301279,2025-07-11 01:08:21.216206,894-9819,-9.344489,132.529065,organization,mobile
59c4a23d-ae45-4182-9da7-dc82a3453f09,reisuzuki@example.org,2024-04-15 13:54:12.292853,,043-7156,-23.34955,-48.117275,individual,web
edcd26ba-f6c6-4a04-bc0d-afa812b9e2c5,dorotheeroger@example.net,2023-10-16 14:40:18.310269,2025-07-14 18:32:50.087806,75417,7.362348,-152.041416,government,web
5801b816-908a-4c20-81dc-0894213a1acb,yasuhiro39@example.com,2023-09-17 19:21:03.528030,2025-07-14 09:59:38.404799,493-2110,-6.827249,-81.18406,individual,web
73ffa47e-0899-49ab-9649-5a6ffb0c1685,henrysantiago@example.net,2024-08-06 17:05:39.965500,2025-06-28 22:58:50.783226,2668,59.190962,40.55037,individual,web
1fbfc300-3881-4d82-8678-1ec2ca9c3982,campbellthomas@example.org,2024-12-18 18:02:35.371988,2025-07-13 04:30:10.775275,98059,35.413179,141.456763,individual,web
4bc1995c-ff6b-4d6c-93a3-0b240c0d7706,remy32@example.net,2023-11-18 00:53:01.706916,2025-07-16 01:56:48.505010,70793,5.144795,-98.281664,individual,web
823ed36f-efcd-40c4-bbcd-776d648ceb4a,suzukikazuya@example.org,2025-06-16 10:18:00.976534,2025-07-11 00:51:59.001024,,-56.915147,142.420226,individual,web
3ec2d2af-af76-4882-b1bf-c52fe2dc2da9,leleujoseph@example.org,2024-12-28 12:01:36.642502,2025-07-05 23:14:40.452646,79229,-12.912315,-11.157744,individual,web
016aa996-a58b-4422-bfa4-70dd2f41c812,whitekayla@example.com,2024-11-08 20:45:25.206414,2025-07-16 14:02:18.807757,2691,69.31948,140.644849,school,partner_campaign
2d789350-ee6d-4e40-8bed-7add6c48ced5,apintor@example.net,2024-06-08 05:38:12.023381,2025-07-04 15:53:54.786588,07233,-35.068508,152.016321,individual,partner_campaign
7cd7c4de-cb5f-4846-8f0a-911609aed237,xnakamura@example.org,2024-12-24 23:32:50.981839,2025-06-27 14:21:07.798441,652-7621,51.47531,1.745489,organization,web
a779ecb2-fd48-470a-a26f-75fa5b94721c,kalitajeevika@example.net,2025-06-02 08:04:15.340985,2025-07-04 19:51:41.085613,,-27.745872,28.045357,individual,social_media
8c31a9e3-160d-42ab-bc78-4d73366f587f,laure86@example.com,2025-05-26 16:12:28.134779,2025-07-06 20:07:36.573019,50779,-36.862804,-103.351072,nonprofit,mobile
8db02ac3-32d7-43bf-a9cf-fdb635c0c09e,brittanysoto@example.net,2024-03-21 15:19:54.518883,2025-07-04 16:18:49.538399,4045,-8.922395,160.462891,individual,web
3eaa5d8d-e316-4773-9c06-2c84a6e63a5a,yutikaghosh@example.net,2023-09-13 23:47:07.888767,2025-07-11 03:29:05.246636,583054,52.41603,-41.708895,individual,partner_campaign
b03f5e8a-8e25-4220-a07d-e1df3ddc51d4,imarques@example.com,2023-11-04 20:32:06.724535,2025-07-12 02:07:26.198627,14790854,41.120191,176.351522,organization,web
1b6defae-b1a3-4519-a052-f5476e9e8ac1,lbridges@example.net,2024-01-08 08:10:31.852169,2025-07-21 20:15:03.703690,31927,-38.625528,23.45002,individual,mobile
b3647b83-8a0b-4114-8f98-04ec8542e8e8,samperluz@example.com,2025-01-11 21:02:35.890898,2025-07-21 00:32:33.552670,33184,-22.263477,-48.383181,individual,partner_campaign
94e3ca80-1b11-4e69-9fd8-03bce841be33,myersjames@example.com,2024-10-23 02:11:44.974971,,2534,10.591077,-67.082587,individual,web
a586d792-c1fd-416a-8370-1c417f59aea9,trinidad71@example.net,2024-02-21 04:34:10.912443,2025-07-22 02:57:29.547048,38108,19.154963,74.450197,individual,partner_campaign
1b63d669-69ec-445e-aadb-a632cf5e3c55,dkimura@example.net,2024-08-25 21:46:00.404418,2025-07-11 06:22:20.379502,454-5073,61.27522,-120.754189,nonprofit,mobile
18b46ef3-5e36-4c20-a3d4-52fa218e7b75,william10@example.org,2024-08-30 14:15:02.165734,2025-07-20 08:34:11.094785,2148,23.483577,31.579123,individual,web
c22dbd42-956a-4738-a016-10a55e9c217a,ritamoore@example.com,2025-05-31 11:53:24.049098,2025-06-27 19:57:38.618259,2020,-30.977077,-56.362527,organization,social_media
54a87dad-803d-4652-8636-b28d03565d0e,wilmskornelius@example.net,2025-05-24 13:11:11.016848,2025-06-27 13:33:23.057276,69489,65.042593,-99.032336,individual,web
e29892ed-3488-4dec-9e46-c1f0c60e686d,xbanerjee@example.com,2025-03-08 13:55:03.254042,,494269,-24.594146,-45.595348,individual,web
3cf18d68-c196-4df3-abdd-707bcdc14098,gandrade@example.com,2024-06-09 21:18:15.682480,2025-07-13 20:55:29.425674,45453-441,-21.642543,-48.104636,individual,mobile
800fbd7d-0c84-412a-b849-56a5e8a0f05f,dasguptamaanav@example.com,2025-06-05 16:06:03.608013,2025-06-27 18:29:46.234897,638592,-33.496932,-74.902314,individual,partner_campaign
ee0f6ae0-e548-4ca8-9241-ea68836d2327,matthieu43@example.org,2024-02-19 17:10:18.703874,2025-07-21 09:37:39.826577,,32.95002,-68.7257,individual,mobile
3b4f46cb-6c0a-4e3e-9c4a-cdb61c02c6d9,heidiyork@example.org,2024-11-16 19:14:06.338945,2025-07-17 07:22:48.809552,77866,-27.458446,39.72369,individual,mobile
431ca833-4693-4613-a525-5b9e012b44e1,marydavila@example.com,2024-08-06 19:46:58.002274,2025-07-14 12:26:59.000010,98275,14.335225,-15.719384,individual,partner_campaign
f9d51fee-d1d6-4882-91e7-2bf774013fa1,blancoeugenia@example.net,2024-12-23 01:17:26.050279,2025-07-13 02:50:56.966393,20306,53.758501,39.416312,individual,web
0e7bd828-8776-49ac-a874-fe351e5a567b,patricia38@example.net,2024-03-25 18:49:21.616567,2025-07-09 16:40:17.309722,60493,-18.879766,-62.88063,individual,web
743c1305-9c50-4091-86bc-1a556120c4b8,serpilbohnbach@example.net,2024-09-12 09:12:47.083666,2025-07-01 22:07:52.614931,85125,23.229514,-54.105778,individual,mobile
095ad790-ff20-4d51-83b5-bf23a6ef33c6,sasakihiroshi@example.org,2024-11-04 03:22:34.250017,2025-07-03 01:56:32.137385,874-9018,-15.306911,122.006046,individual,social_media
ccc310a2-26d2-45aa-98e6-c2b483c66656,sofiadas-neves@example.com,2024-06-25 08:24:03.333982,2025-07-12 08:43:15.434888,73360074,22.126593,159.389416,individual,mobile
2dc0f0b8-07e6-4a32-84b5-aedcdbb2d821,mayaray@example.com,2025-03-20 11:10:21.048361,2025-07-08 21:34:13.457083,538299,40.806315,-72.578786,organization,mobile
fec9c137-a2f7-4ac7-9a4c-c2fae411da06,usimpson@example.net,2024-01-07 12:13:47.744055,2025-06-26 02:39:49.988740,,31.373058,-2.880845,organization,web
4b1a693e-b3a4-46c9-a3c9-c5bbeb8afb74,jaehnelizabeth@example.org,2023-07-25 15:33:34.707705,2025-07-14 16:44:41.172752,04874,17.952549,73.500516,organization,social_media
6ddb641b-90c4-46c8-9ca9-739c52225192,anthony-gabriel31@example.org,2023-12-31 12:30:32.194780,2025-07-06 10:21:52.125344,75125353,-9.898062,-84.687898,school,web
f54eeb3b-c2bc-485a-adc9-651a305684dc,lisajones@example.net,2024-10-03 02:03:45.396969,2025-07-01 10:50:49.960568,7186,56.885871,37.471839,nonprofit,web
9a936f5c-368f-489f-bb16-773e82d59d34,nadine71@example.net,2024-12-24 21:09:35.010615,2025-07-11 19:11:39.267150,26385,42.23677,-105.089524,organization,partner_campaign
b6aaad85-8abd-45bf-b9bd-33239084bfd0,hredhaan61@example.com,2024-03-29 06:49:06.398392,2025-06-26 08:49:25.556008,397448,-59.820907,-172.604432,individual,mobile
9570e792-d2c2-4933-9134-0c39a1d6e9cb,moraleschristopher@example.org,2024-02-25 05:58:07.613275,2025-07-08 16:21:33.747849,89127,-39.779554,-69.551184,individual,web
075c29f1-6b05-4a71-8a30-53959f96d4ca,da-motaluara@example.net,2025-01-09 18:32:58.798687,2025-07-20 09:13:41.705304,97394-253,-59.984402,-130.915554,school,social_media
c26aae37-de8e-49d8-a985-00231b9d0d68,mledoux@example.com,2024-01-16 16:55:50.058828,,61125,17.982289,73.863435,individual,mobile
aab27152-0210-4319-831e-dffb00d55aa7,danilovidal@example.net,2025-06-09 09:24:42.036880,2025-07-22 01:18:00.382510,,35.519697,24.07886,individual,referral
dbbd372b-8d02-4d31-9a86-88ffd6f83ea6,uyamada@example.org,2023-07-31 19:59:48.388378,,913-5134,28.518541,-69.603538,individual,web
07657eee-931f-424b-8777-f8cccbc4f8ee,keeroviya@example.com,2024-10-30 04:45:25.573380,2025-07-05 14:12:45.145412,003974,43.058562,155.844701,organization,mobile
8988b8a7-2b60-4aa8-ae44-dc0cbbb2a2bc,baereranne-marie@example.net,2024-05-22 23:41:06.612671,,87403,41.858033,-74.511717,individual,web
64ac6352-9b3b-45e6-b18d-7544738cc533,mrovira@example.org,2025-05-30 23:52:26.447955,2025-07-01 13:52:57.185437,26018,0.242327,-3.902801,individual,web
096945a6-7d4f-4e12-b902-80aa91f90a01,yhecker@example.net,2025-07-24 04:21:30.729030,2025-07-18 13:20:29.925330,10561,29.085378,-31.814868,organization,mobile
17151f7d-5003-41c0-bbc9-afe0a98b4074,renee22@example.net,2025-04-18 14:09:32.926040,2025-06-27 14:07:23.271478,11497,-4.961914,176.140339,individual,web
c9b5963a-c1c7-4ca4-a2f6-f1a805dbd489,lbarbosa@example.com,2023-12-11 07:21:09.663237,2025-07-23 11:02:26.996503,89741021,0.147938,177.674892,individual,referral
ca654047-5ba1-4c8b-9b66-0c18f5dfdbb2,choudhurysai@example.net,2024-01-03 15:24:43.413611,2025-07-17 09:57:32.019376,,1.250055,20.257585,organization,web
0d8e2006-9e85-4b74-b27a-76e59181cb37,chaneysandra@example.net,2023-08-01 08:04:41.384403,2025-06-29 18:17:54.068010,46593,-20.770659,-8.89567,individual,referral
9cc3bef1-cb42-4d03-a23c-f4eda6833076,wtanaka@example.org,2025-04-07 03:45:49.338150,2025-07-21 08:50:52.277705,,-34.850224,152.601711,government,partner_campaign
11c06155-0db8-44ce-9105-6dbf15219267,christopher96@example.com,2025-04-08 06:33:21.770391,2025-07-06 15:54:47.769076,7339,-25.223258,27.971477,individual,web
fea590e9-eb97-467a-a803-f94639637f45,tperry@example.org,2025-07-10 04:49:39.663868,2025-07-09 23:35:58.069149,71409,17.844884,73.558302,individual,web
03b0828f-609e-4105-b07b-61213b884081,suzukisayuri@example.org,2024-02-23 17:08:11.794297,2025-07-12 11:06:40.979115,098-4065,59.716407,-121.18473,individual,web
8bf57136-d61b-4523-9a36-13a76b77fbbd,yutaota@example.com,2024-11-14 07:45:54.942028,2025-06-27 02:16:07.710755,,-25.299983,-46.287752,individual,social_media
25d26142-d3ed-4c22-9a44-326bda3464d2,thompsondiana@example.com,2023-11-30 05:14:32.353494,,95018,-4.004203,137.182037,individual,web
492bbdc4-9ee4-4a69-81dc-f74626bdc343,james65@example.net,2024-09-14 08:31:36.938264,2025-07-22 14:37:50.530793,2572,38.424938,114.552437,individual,web
a90a37bc-279d-4df4-aae9-83f4e418baab,satotomoya@example.net,2024-07-29 15:42:48.089684,2025-07-13 19:07:23.301420,440-7393,-28.256376,166.315425,individual,partner_campaign
bca4611a-7f4d-4229-9467-d8b57a50a9ce,timothy47@example.com,2024-03-21 01:15:07.790506,2025-07-06 23:11:37.806405,2867,-45.123641,15.994196,individual,web
33ce4640-974a-4d0b-8f94-6176d270f92f,schoenlandhildegund@example.com,2024-09-06 08:58:00.345774,2025-07-09 01:20:09.731348,,39.040155,-74.098401,individual,web
973a31d8-e150-459e-a7db-c7fcebb01210,sjunk@example.net,2024-07-23 15:21:39.310132,2025-07-17 13:38:58.103184,,23.842973,-79.412968,individual,web
760f2b24-e373-4f69-9664-0853c1f98f69,adelaidephilippe@example.com,2025-03-17 13:43:10.023171,2025-06-28 00:17:05.914869,,15.149271,96.102077,individual,social_media
6a8c9624-3a2d-4322-ae35-4e4dfc543d5a,amordan@example.net,2023-12-01 04:22:06.565039,2025-07-17 09:14:11.759849,30955,23.743839,23.430856,individual,partner_campaign
538e05b0-26b9-49cc-8c4e-564ea9835c44,nunesemanuella@example.org,2024-10-15 11:32:33.220842,2025-06-27 03:04:39.795475,97692392,-30.774772,158.24886,individual,mobile
f03b179e-1376-4948-8add-ae6184bd00ef,savinicius@example.net,2023-11-16 11:04:53.576087,2025-07-18 09:05:27.242951,13511010,-21.926749,-44.716216,government,web
c4204eb9-bebc-4261-9e82-c44600d2c022,harshilmodi@example.net,2023-10-21 07:32:03.138232,2025-07-14 15:45:39.041909,485867,-27.443583,-101.211212,individual,social_media
93d8b442-a69d-4546-8bbe-cad721c8dbad,oandrade@example.com,2023-09-19 07:03:26.101805,2025-07-14 13:59:39.184690,,25.857082,-164.54549,nonprofit,mobile
bf2d26e9-b7fa-4f20-9e94-7b06630661ee,vlehmann@example.net,2025-02-12 17:45:14.079190,,06817,-58.756191,-7.608896,individual,mobile
f7a44ba5-b5f6-486d-9740-f760fac55011,stellaalves@example.org,2024-08-14 14:54:04.038790,2025-07-20 01:01:38.711318,15957-188,5.713367,96.62702,individual,mobile
b06db2e7-7a54-4a15-92fe-a2a054b86072,bmatsuda@example.org,2024-06-17 01:24:02.527182,2025-07-08 22:33:06.072180,304-4423,-50.114755,165.890534,individual,web
ce773c51-a665-4d06-ade9-b7aa38c8f1dc,denise94@example.org,2025-06-08 12:56:54.478405,2025-07-06 15:13:53.871178,30918,12.457343,-120.381022,organization,web
6353e1c4-f84e-4df0-a834-13236cf9e2e8,rajeshri51@example.net,2023-11-25 19:27:32.790035,2025-07-20 07:59:11.575047,492142,30.953637,-57.039144,individual,web
e86bbd32-42bd-43b6-8c17-e14e1f659101,williamthompson@example.org,2024-09-28 00:14:58.347145,2025-07-20 11:58:47.881637,47573,39.601907,-72.902953,individual,mobile
aa19cacf-b2ae-4d1c-bd92-d0b4a3e640cc,delattreagathe@example.com,2024-10-29 22:01:46.716278,2025-07-21 11:40:25.191979,37940,-18.735202,-67.619419,individual,web
54b239a2-5c1f-4465-9f54-ad467814c440,matthew99@example.org,2025-07-01 20:56:44.525766,2025-07-10 07:48:49.689786,69104,-59.86065,155.37811,nonprofit,web
